false,,"[]","Mozilla/5.0 (Windows NT 10.0; Win64; x64) AppleWebKit/537.36 (KHTML, like Gecko) Chrome/127.0.0.0 Safari/537.36","Win32","en-US",true,,"1313x739",24,"[""Chrome PDF Plugin"",""Chrome PDF Viewer""]","Asia/Calcutta",false,"[""en-US"",""en""]","20030107",0,,false,"Chrome","WebKit",false,33,"WebKit","WebKit WebGL",true,"[]","[15/Aug/2024:11:07:16 +0000]",false,false,false,false,false,false,false,false,false,false,false,false,false,false,false,false,false,false,false,false,false,"5.0 (Windows NT 10.0; Win64; x64) AppleWebKit/537.36 (KHTML, like Gecko) Chrome/127.0.0.0 Safari/537.36","Success","Mozilla/5.0 (Windows NT 10.0; Win64; x64) AppleWebKit/537.36 (KHTML, like Gecko) Chrome/127.0.0.0 Safari/537.36","Success",false,"Success","[""en-US"",""en""]","Success","20030107","Success","[""Chrome PDF Plugin"",""Chrome PDF Viewer""]","Success",2,"Success",1313,698,1313,617,"Success",true,"Success",,"Failure","Error     at getErrorTrace (http://localhost:3000/index.js:142:13)     at detectBot (http://localhost:3000/index.js:123:33)     at http://localhost:3000/index.js:231:21","Success","[]","Success","function bind() { [native code] }","Success",false,false,false,false,false,false,"Success","default","Success"
false,,"[]","Mozilla/5.0 (Windows NT 10.0; Win64; x64) AppleWebKit/537.36 (KHTML, like Gecko) Chrome/127.0.0.0 Safari/537.36","Win32","en-US",true,,"1313x739",24,"[""Chrome PDF Plugin"",""Chrome PDF Viewer""]","Asia/Calcutta",false,"[""en-US"",""en""]","20030107",0,,false,"Chrome","WebKit",false,33,"WebKit","WebKit WebGL",true,"[]","[15/Aug/2024:11:08:49 +0000]",false,false,false,false,false,false,false,false,false,false,false,false,false,false,false,false,false,false,false,false,false,"5.0 (Windows NT 10.0; Win64; x64) AppleWebKit/537.36 (KHTML, like Gecko) Chrome/127.0.0.0 Safari/537.36","Success","Mozilla/5.0 (Windows NT 10.0; Win64; x64) AppleWebKit/537.36 (KHTML, like Gecko) Chrome/127.0.0.0 Safari/537.36","Success",false,"Success","[""en-US"",""en""]","Success","20030107","Success","[""Chrome PDF Plugin"",""Chrome PDF Viewer""]","Success",2,"Success",1313,698,1313,617,"Success",true,"Success",,"Failure","Error     at getErrorTrace (http://localhost:3000/index.js:142:13)     at detectBot (http://localhost:3000/index.js:123:33)     at http://localhost:3000/index.js:231:21","Success","[]","Success","function bind() { [native code] }","Success",false,false,false,false,false,false,"Success","default","Success"
false,,"[]","Mozilla/5.0 (Windows NT 10.0; Win64; x64) AppleWebKit/537.36 (KHTML, like Gecko) Chrome/127.0.0.0 Safari/537.36","Win32","en-US",true,,"1313x739",24,"[""Chrome PDF Plugin"",""Chrome PDF Viewer""]","Asia/Calcutta",false,"[""en-US"",""en""]","20030107",0,,false,"Chrome","WebKit",false,33,"WebKit","WebKit WebGL",true,"[]","[15/Aug/2024:11:12:48 +0000]",false,false,false,false,false,false,false,false,false,false,false,false,false,false,false,false,false,false,false,false,false,"5.0 (Windows NT 10.0; Win64; x64) AppleWebKit/537.36 (KHTML, like Gecko) Chrome/127.0.0.0 Safari/537.36","Success","Mozilla/5.0 (Windows NT 10.0; Win64; x64) AppleWebKit/537.36 (KHTML, like Gecko) Chrome/127.0.0.0 Safari/537.36","Success",false,"Success","[""en-US"",""en""]","Success","20030107","Success","[""Chrome PDF Plugin"",""Chrome PDF Viewer""]","Success",2,"Success",1313,698,1313,617,"Success",true,"Success",,"Failure","Error     at getErrorTrace (http://localhost:3000/index.js:141:13)     at detectBot (http://localhost:3000/index.js:122:33)     at http://localhost:3000/index.js:230:21","Success","[]","Success","function bind() { [native code] }","Success",false,false,false,false,false,false,"Success","default","Success"
false,,"[]","Mozilla/5.0 (Windows NT 10.0; Win64; x64) AppleWebKit/537.36 (KHTML, like Gecko) Chrome/127.0.0.0 Safari/537.36","Win32","en-US",true,,"1313x739",24,"[""Chrome PDF Plugin"",""Chrome PDF Viewer""]","Asia/Calcutta",false,"[""en-US"",""en""]","20030107",0,,false,"Chrome","WebKit",false,33,"WebKit","WebKit WebGL",true,"[]","[15/Aug/2024:11:17:20 +0000]",false,false,false,false,false,false,false,false,false,false,false,false,false,false,false,false,false,false,false,false,false,"5.0 (Windows NT 10.0; Win64; x64) AppleWebKit/537.36 (KHTML, like Gecko) Chrome/127.0.0.0 Safari/537.36","Success","Mozilla/5.0 (Windows NT 10.0; Win64; x64) AppleWebKit/537.36 (KHTML, like Gecko) Chrome/127.0.0.0 Safari/537.36","Success",false,"Success","[""en-US"",""en""]","Success","20030107","Success","[""Chrome PDF Plugin"",""Chrome PDF Viewer""]","Success",2,"Success",1313,698,1313,617,"Success",true,"Success",,"Failure","Error     at getErrorTrace (http://localhost:3000/index.js:141:13)     at detectBot (http://localhost:3000/index.js:122:33)     at http://localhost:3000/index.js:230:21","Success","[]","Success","function bind() { [native code] }","Success",false,false,false,false,false,false,"Success","default","Success"
false,,"[]","Mozilla/5.0 (Windows NT 10.0; Win64; x64) AppleWebKit/537.36 (KHTML, like Gecko) Chrome/127.0.0.0 Safari/537.36","Win32","en-US",true,,"1313x739",24,"[""Chrome PDF Plugin"",""Chrome PDF Viewer""]","Asia/Calcutta",false,"[""en-US"",""en""]","20030107",0,,false,"Chrome","WebKit",false,33,"WebKit","WebKit WebGL",true,"[]","[15/Aug/2024:11:20:28 +0000]",false,false,false,false,false,false,false,false,false,false,false,false,false,false,false,false,false,false,false,false,false,"5.0 (Windows NT 10.0; Win64; x64) AppleWebKit/537.36 (KHTML, like Gecko) Chrome/127.0.0.0 Safari/537.36","Success","Mozilla/5.0 (Windows NT 10.0; Win64; x64) AppleWebKit/537.36 (KHTML, like Gecko) Chrome/127.0.0.0 Safari/537.36","Success",false,"Success","[""en-US"",""en""]","Success","20030107","Success","[""Chrome PDF Plugin"",""Chrome PDF Viewer""]","Success",2,"Success",1313,698,1313,617,"Success",true,"Success",,"Failure","Error     at getErrorTrace (http://localhost:3000/index.js:138:13)     at detectBot (http://localhost:3000/index.js:120:33)     at http://localhost:3000/index.js:224:21","Success","[]","Success","function bind() { [native code] }","Success",false,false,false,false,false,false,"Success","default","Success"
false,,"[]","Mozilla/5.0 (Windows NT 10.0; Win64; x64) AppleWebKit/537.36 (KHTML, like Gecko) Chrome/127.0.0.0 Safari/537.36","Win32","en-US",true,,"1313x739",24,"[""Chrome PDF Plugin"",""Chrome PDF Viewer""]","Asia/Calcutta",false,"[""en-US"",""en""]","20030107",0,,false,"Chrome","WebKit",false,33,"WebKit","WebKit WebGL",true,"[]","[15/Aug/2024:11:21:58 +0000]",false,false,false,false,false,false,false,false,false,false,false,false,false,false,false,false,false,false,false,false,false,"5.0 (Windows NT 10.0; Win64; x64) AppleWebKit/537.36 (KHTML, like Gecko) Chrome/127.0.0.0 Safari/537.36","Success","Mozilla/5.0 (Windows NT 10.0; Win64; x64) AppleWebKit/537.36 (KHTML, like Gecko) Chrome/127.0.0.0 Safari/537.36","Success",false,"Success","[""en-US"",""en""]","Success","20030107","Success","[""Chrome PDF Plugin"",""Chrome PDF Viewer""]","Success",2,"Success",1313,698,1313,617,"Success",true,"Success",,"Failure","Error     at getErrorTrace (http://localhost:3000/index.js:138:13)     at detectBot (http://localhost:3000/index.js:120:33)     at http://localhost:3000/index.js:224:21","Success","[]","Success","function bind() { [native code] }","Success",false,false,false,false,false,false,"Success","default","Success"
false,,"[]","Mozilla/5.0 (Windows NT 10.0; Win64; x64) AppleWebKit/537.36 (KHTML, like Gecko) Chrome/127.0.0.0 Safari/537.36","Win32","en-US",true,,"1313x739",24,"[""Chrome PDF Plugin"",""Chrome PDF Viewer""]","Asia/Calcutta",false,"[""en-US"",""en""]","20030107",0,,false,"Chrome","WebKit",false,33,"WebKit","WebKit WebGL",true,"[]","[15/Aug/2024:11:31:17 +0000]",false,false,false,false,false,false,false,false,false,false,false,false,false,false,false,false,false,false,false,false,false,"5.0 (Windows NT 10.0; Win64; x64) AppleWebKit/537.36 (KHTML, like Gecko) Chrome/127.0.0.0 Safari/537.36","Success","Mozilla/5.0 (Windows NT 10.0; Win64; x64) AppleWebKit/537.36 (KHTML, like Gecko) Chrome/127.0.0.0 Safari/537.36","Success",false,"Success","[""en-US"",""en""]","Success","20030107","Success","[""Chrome PDF Plugin"",""Chrome PDF Viewer""]","Success",2,"Success",1313,698,1313,617,"Success",true,"Success",,"Failure","Error     at getErrorTrace (http://localhost:3000/index.js:138:13)     at detectBot (http://localhost:3000/index.js:120:33)     at http://localhost:3000/index.js:224:21","Success","[]","Success","function bind() { [native code] }","Success",false,false,false,false,false,false,"Success","default","Success"
false,,"[]","Mozilla/5.0 (Windows NT 10.0; Win64; x64) AppleWebKit/537.36 (KHTML, like Gecko) Chrome/127.0.0.0 Safari/537.36","Win32","en-US",true,,"1313x739",24,"[""Chrome PDF Plugin"",""Chrome PDF Viewer""]","Asia/Calcutta",false,"[""en-US"",""en""]","20030107",0,,false,"Chrome","WebKit",false,33,"WebKit","WebKit WebGL",true,"[]","[15/Aug/2024:11:34:39 +0000]",false,false,false,false,false,false,false,false,false,false,false,false,false,false,false,false,false,false,false,false,false,"5.0 (Windows NT 10.0; Win64; x64) AppleWebKit/537.36 (KHTML, like Gecko) Chrome/127.0.0.0 Safari/537.36","Success","Mozilla/5.0 (Windows NT 10.0; Win64; x64) AppleWebKit/537.36 (KHTML, like Gecko) Chrome/127.0.0.0 Safari/537.36","Success",false,"Success","[""en-US"",""en""]","Success","20030107","Success","[""Chrome PDF Plugin"",""Chrome PDF Viewer""]","Success",2,"Success",1313,698,1313,617,"Success",true,"Success",,"Failure","Error     at getErrorTrace (http://localhost:3000/index.js:138:13)     at detectBot (http://localhost:3000/index.js:120:33)     at http://localhost:3000/index.js:224:21","Success","[]","Success","function bind() { [native code] }","Success",false,false,false,false,false,false,"Success","default","Success"
false,,"[]","Mozilla/5.0 (Windows NT 10.0; Win64; x64) AppleWebKit/537.36 (KHTML, like Gecko) Chrome/127.0.0.0 Safari/537.36","Win32","en-US",true,,"1313x739",24,"[""Chrome PDF Plugin"",""Chrome PDF Viewer""]","Asia/Calcutta",false,"[""en-US"",""en""]","20030107",0,,false,"Chrome","WebKit",false,33,"WebKit","WebKit WebGL",true,"[]","[15/Aug/2024:11:37:29 +0000]",false,false,false,false,false,false,false,false,false,false,false,false,false,false,false,false,false,false,false,false,false,"5.0 (Windows NT 10.0; Win64; x64) AppleWebKit/537.36 (KHTML, like Gecko) Chrome/127.0.0.0 Safari/537.36","Success","Mozilla/5.0 (Windows NT 10.0; Win64; x64) AppleWebKit/537.36 (KHTML, like Gecko) Chrome/127.0.0.0 Safari/537.36","Success",false,"Success","[""en-US"",""en""]","Success","20030107","Success","[""Chrome PDF Plugin"",""Chrome PDF Viewer""]","Success",2,"Success",1313,698,1313,617,"Success",true,"Success",,"Failure","Error     at getErrorTrace (http://localhost:3000/index.js:138:13)     at detectBot (http://localhost:3000/index.js:120:33)     at http://localhost:3000/index.js:224:21","Success","[]","Success","function bind() { [native code] }","Success",false,false,false,false,false,false,"Success","default","Success"
false,,"[]","Mozilla/5.0 (Windows NT 10.0; Win64; x64) AppleWebKit/537.36 (KHTML, like Gecko) Chrome/127.0.0.0 Safari/537.36","Win32","en-US",true,,"1313x739",24,"[""Chrome PDF Plugin"",""Chrome PDF Viewer""]","Asia/Calcutta",false,"[""en-US"",""en""]","20030107",0,,false,"Chrome","WebKit",false,33,"WebKit","WebKit WebGL",true,"[]","[15/Aug/2024:11:43:25 +0000]",false,false,false,false,false,false,false,false,false,false,false,false,false,false,false,false,false,false,false,false,false,"5.0 (Windows NT 10.0; Win64; x64) AppleWebKit/537.36 (KHTML, like Gecko) Chrome/127.0.0.0 Safari/537.36","Success","Mozilla/5.0 (Windows NT 10.0; Win64; x64) AppleWebKit/537.36 (KHTML, like Gecko) Chrome/127.0.0.0 Safari/537.36","Success",false,"Success","[""en-US"",""en""]","Success","20030107","Success","[""Chrome PDF Plugin"",""Chrome PDF Viewer""]","Success",2,"Success",1313,698,1313,617,"Success",true,"Success",,"Failure","Error     at getErrorTrace (http://localhost:3000/index.js:138:13)     at detectBot (http://localhost:3000/index.js:120:33)     at http://localhost:3000/index.js:224:21","Success","[]","Success","function bind() { [native code] }","Success",false,false,false,false,false,false,"Success","default","Success"
false,,"[]","Mozilla/5.0 (Windows NT 10.0; Win64; x64) AppleWebKit/537.36 (KHTML, like Gecko) Chrome/127.0.0.0 Safari/537.36","Win32","en-US",true,,"1313x739",24,"[""Chrome PDF Plugin"",""Chrome PDF Viewer""]","Asia/Calcutta",false,"[""en-US"",""en""]","20030107",0,,false,"Chrome","WebKit",false,33,"WebKit","WebKit WebGL",true,"[]","[15/Aug/2024:11:44:28 +0000]",false,false,false,false,false,false,false,false,false,false,false,false,false,false,false,false,false,false,false,false,false,"5.0 (Windows NT 10.0; Win64; x64) AppleWebKit/537.36 (KHTML, like Gecko) Chrome/127.0.0.0 Safari/537.36","Success","Mozilla/5.0 (Windows NT 10.0; Win64; x64) AppleWebKit/537.36 (KHTML, like Gecko) Chrome/127.0.0.0 Safari/537.36","Success",false,"Success","[""en-US"",""en""]","Success","20030107","Success","[""Chrome PDF Plugin"",""Chrome PDF Viewer""]","Success",2,"Success",1313,698,1313,617,"Success",true,"Success",,"Failure","Error     at getErrorTrace (http://localhost:3000/index.js:138:13)     at detectBot (http://localhost:3000/index.js:120:33)     at http://localhost:3000/index.js:224:21","Success","[]","Success","function bind() { [native code] }","Success",false,false,false,false,false,false,"Success","default","Success"
false,,"[]","Mozilla/5.0 (Windows NT 10.0; Win64; x64) AppleWebKit/537.36 (KHTML, like Gecko) Chrome/127.0.0.0 Safari/537.36","Win32","en-US",true,,"1313x739",24,"[""Chrome PDF Plugin"",""Chrome PDF Viewer""]","Asia/Calcutta",false,"[""en-US"",""en""]","20030107",0,,false,"Chrome","WebKit",false,33,"WebKit","WebKit WebGL",true,"[]","[15/Aug/2024:11:46:37 +0000]",false,false,false,false,false,false,false,false,false,false,false,false,false,false,false,false,false,false,false,false,false,"5.0 (Windows NT 10.0; Win64; x64) AppleWebKit/537.36 (KHTML, like Gecko) Chrome/127.0.0.0 Safari/537.36","Success","Mozilla/5.0 (Windows NT 10.0; Win64; x64) AppleWebKit/537.36 (KHTML, like Gecko) Chrome/127.0.0.0 Safari/537.36","Success",false,"Success","[""en-US"",""en""]","Success","20030107","Success","[""Chrome PDF Plugin"",""Chrome PDF Viewer""]","Success",2,"Success",1313,698,1313,617,"Success",true,"Success",,"Failure","Error     at getErrorTrace (http://localhost:3000/index.js:138:13)     at detectBot (http://localhost:3000/index.js:120:33)     at http://localhost:3000/index.js:224:21","Success","[]","Success","function bind() { [native code] }","Success",false,false,false,false,false,false,"Success","default","Success"
false,,"[]","Mozilla/5.0 (Windows NT 10.0; Win64; x64) AppleWebKit/537.36 (KHTML, like Gecko) Chrome/127.0.0.0 Safari/537.36","Win32","en-US",true,,"1313x739",24,"[""Chrome PDF Plugin"",""Chrome PDF Viewer""]","Asia/Calcutta",false,"[""en-US"",""en""]","20030107",0,,false,"Chrome","WebKit",false,33,"WebKit","WebKit WebGL",true,"[]","[15/Aug/2024:11:48:10 +0000]",false,false,false,false,false,false,false,false,false,false,false,false,false,false,false,false,false,false,false,false,false,"5.0 (Windows NT 10.0; Win64; x64) AppleWebKit/537.36 (KHTML, like Gecko) Chrome/127.0.0.0 Safari/537.36","Success","Mozilla/5.0 (Windows NT 10.0; Win64; x64) AppleWebKit/537.36 (KHTML, like Gecko) Chrome/127.0.0.0 Safari/537.36","Success",false,"Success","[""en-US"",""en""]","Success","20030107","Success","[""Chrome PDF Plugin"",""Chrome PDF Viewer""]","Success",2,"Success",1313,698,1313,617,"Success",true,"Success",,"Failure","Error     at getErrorTrace (http://localhost:3000/index.js:138:13)     at detectBot (http://localhost:3000/index.js:120:33)     at http://localhost:3000/index.js:224:21","Success","[]","Success","function bind() { [native code] }","Success",false,false,false,false,false,false,"Success","default","Success"
false,,"[]","Mozilla/5.0 (Windows NT 10.0; Win64; x64) AppleWebKit/537.36 (KHTML, like Gecko) Chrome/127.0.0.0 Safari/537.36","Win32","en-US",true,,"1313x739",24,"[""Chrome PDF Plugin"",""Chrome PDF Viewer""]","Asia/Calcutta",false,"[""en-US"",""en""]","20030107",0,,false,"Chrome","WebKit",false,33,"WebKit","WebKit WebGL",true,"[]","[15/Aug/2024:11:49:15 +0000]",false,false,false,false,false,false,false,false,false,false,false,false,false,false,false,false,false,false,false,false,false,"5.0 (Windows NT 10.0; Win64; x64) AppleWebKit/537.36 (KHTML, like Gecko) Chrome/127.0.0.0 Safari/537.36","Success","Mozilla/5.0 (Windows NT 10.0; Win64; x64) AppleWebKit/537.36 (KHTML, like Gecko) Chrome/127.0.0.0 Safari/537.36","Success",false,"Success","[""en-US"",""en""]","Success","20030107","Success","[""Chrome PDF Plugin"",""Chrome PDF Viewer""]","Success",2,"Success",1313,698,1313,617,"Success",true,"Success",,"Failure","Error     at getErrorTrace (http://localhost:3000/index.js:138:13)     at detectBot (http://localhost:3000/index.js:120:33)     at http://localhost:3000/index.js:224:21","Success","[]","Success","function bind() { [native code] }","Success",false,false,false,false,false,false,"Success","default","Success"
false,,"[]","Mozilla/5.0 (Windows NT 10.0; Win64; x64) AppleWebKit/537.36 (KHTML, like Gecko) Chrome/127.0.0.0 Safari/537.36","Win32","en-US",true,,"1313x739",24,"[""Chrome PDF Plugin"",""Chrome PDF Viewer""]","Asia/Calcutta",false,"[""en-US"",""en""]","20030107",0,,false,"Chrome","WebKit",false,33,"WebKit","WebKit WebGL",true,"[]","[15/Aug/2024:11:50:38 +0000]",false,false,false,false,false,false,false,false,false,false,false,false,false,false,false,false,false,false,false,false,false,"5.0 (Windows NT 10.0; Win64; x64) AppleWebKit/537.36 (KHTML, like Gecko) Chrome/127.0.0.0 Safari/537.36","Success","Mozilla/5.0 (Windows NT 10.0; Win64; x64) AppleWebKit/537.36 (KHTML, like Gecko) Chrome/127.0.0.0 Safari/537.36","Success",false,"Success","[""en-US"",""en""]","Success","20030107","Success","[""Chrome PDF Plugin"",""Chrome PDF Viewer""]","Success",2,"Success",1313,698,1313,617,"Success",true,"Success",,"Failure","Error     at getErrorTrace (http://localhost:3000/index.js:138:13)     at detectBot (http://localhost:3000/index.js:120:33)     at http://localhost:3000/index.js:224:21","Success","[]","Success","function bind() { [native code] }","Success",false,false,false,false,false,false,"Success","default","Success"
false,,"[]","Mozilla/5.0 (Windows NT 10.0; Win64; x64) AppleWebKit/537.36 (KHTML, like Gecko) Chrome/127.0.0.0 Safari/537.36","Win32","en-US",true,,"1313x739",24,"[""Chrome PDF Plugin"",""Chrome PDF Viewer""]","Asia/Calcutta",false,"[""en-US"",""en""]","20030107",0,,false,"Chrome","WebKit",false,33,"WebKit","WebKit WebGL",true,"[]","[15/Aug/2024:11:52:24 +0000]",false,false,false,false,false,false,false,false,false,false,false,false,false,false,false,false,false,false,false,false,false,"5.0 (Windows NT 10.0; Win64; x64) AppleWebKit/537.36 (KHTML, like Gecko) Chrome/127.0.0.0 Safari/537.36","Success","Mozilla/5.0 (Windows NT 10.0; Win64; x64) AppleWebKit/537.36 (KHTML, like Gecko) Chrome/127.0.0.0 Safari/537.36","Success",false,"Success","[""en-US"",""en""]","Success","20030107","Success","[""Chrome PDF Plugin"",""Chrome PDF Viewer""]","Success",2,"Success",1313,698,1313,617,"Success",true,"Success",,"Failure","Error     at getErrorTrace (http://localhost:3000/index.js:138:13)     at detectBot (http://localhost:3000/index.js:120:33)     at http://localhost:3000/index.js:224:21","Success","[]","Success","function bind() { [native code] }","Success",false,false,false,false,false,false,"Success","default","Success"
false,,"[]","Mozilla/5.0 (Windows NT 10.0; Win64; x64) AppleWebKit/537.36 (KHTML, like Gecko) Chrome/127.0.0.0 Safari/537.36","Win32","en-US",true,,"1313x739",24,"[""Chrome PDF Plugin"",""Chrome PDF Viewer""]","Asia/Calcutta",false,"[""en-US"",""en""]","20030107",0,,false,"Chrome","WebKit",false,33,"WebKit","WebKit WebGL",true,"[]","[15/Aug/2024:11:52:46 +0000]",false,false,false,false,false,false,false,false,false,false,false,false,false,false,false,false,false,false,false,false,false,"5.0 (Windows NT 10.0; Win64; x64) AppleWebKit/537.36 (KHTML, like Gecko) Chrome/127.0.0.0 Safari/537.36","Success","Mozilla/5.0 (Windows NT 10.0; Win64; x64) AppleWebKit/537.36 (KHTML, like Gecko) Chrome/127.0.0.0 Safari/537.36","Success",false,"Success","[""en-US"",""en""]","Success","20030107","Success","[""Chrome PDF Plugin"",""Chrome PDF Viewer""]","Success",2,"Success",1313,698,1313,617,"Success",true,"Success",,"Failure","Error     at getErrorTrace (http://localhost:3000/index.js:138:13)     at detectBot (http://localhost:3000/index.js:120:33)     at http://localhost:3000/index.js:224:21","Success","[]","Success","function bind() { [native code] }","Success",false,false,false,false,false,false,"Success","default","Success"
false,,"[]","Mozilla/5.0 (Windows NT 10.0; Win64; x64) AppleWebKit/537.36 (KHTML, like Gecko) Chrome/127.0.0.0 Safari/537.36","Win32","en-US",true,,"1313x739",24,"[""Chrome PDF Plugin"",""Chrome PDF Viewer""]","Asia/Calcutta",false,"[""en-US"",""en""]","20030107",0,,false,"Chrome","WebKit",false,33,"WebKit","WebKit WebGL",true,"[]","[15/Aug/2024:11:53:11 +0000]",false,false,false,false,false,false,false,false,false,false,false,false,false,false,false,false,false,false,false,false,false,"5.0 (Windows NT 10.0; Win64; x64) AppleWebKit/537.36 (KHTML, like Gecko) Chrome/127.0.0.0 Safari/537.36","Success","Mozilla/5.0 (Windows NT 10.0; Win64; x64) AppleWebKit/537.36 (KHTML, like Gecko) Chrome/127.0.0.0 Safari/537.36","Success",false,"Success","[""en-US"",""en""]","Success","20030107","Success","[""Chrome PDF Plugin"",""Chrome PDF Viewer""]","Success",2,"Success",1313,698,1313,617,"Success",true,"Success",,"Failure","Error     at getErrorTrace (http://localhost:3000/index.js:138:13)     at detectBot (http://localhost:3000/index.js:120:33)     at http://localhost:3000/index.js:224:21","Success","[]","Success","function bind() { [native code] }","Success",false,false,false,false,false,false,"Success","default","Success"
false,,"[]","Mozilla/5.0 (Windows NT 10.0; Win64; x64) AppleWebKit/537.36 (KHTML, like Gecko) Chrome/127.0.0.0 Safari/537.36","Win32","en-US",true,,"1313x739",24,"[""Chrome PDF Plugin"",""Chrome PDF Viewer""]","Asia/Calcutta",false,"[""en-US"",""en""]","20030107",0,,false,"Chrome","WebKit",false,33,"WebKit","WebKit WebGL",true,"[]","[15/Aug/2024:11:54:13 +0000]",false,false,false,false,false,false,false,false,false,false,false,false,false,false,false,false,false,false,false,false,false,"5.0 (Windows NT 10.0; Win64; x64) AppleWebKit/537.36 (KHTML, like Gecko) Chrome/127.0.0.0 Safari/537.36","Success","Mozilla/5.0 (Windows NT 10.0; Win64; x64) AppleWebKit/537.36 (KHTML, like Gecko) Chrome/127.0.0.0 Safari/537.36","Success",false,"Success","[""en-US"",""en""]","Success","20030107","Success","[""Chrome PDF Plugin"",""Chrome PDF Viewer""]","Success",2,"Success",1313,698,1313,617,"Success",true,"Success",,"Failure","Error     at getErrorTrace (http://localhost:3000/index.js:138:13)     at detectBot (http://localhost:3000/index.js:120:33)     at http://localhost:3000/index.js:224:21","Success","[]","Success","function bind() { [native code] }","Success",false,false,false,false,false,false,"Success","default","Success"
false,,"[]","Mozilla/5.0 (Windows NT 10.0; Win64; x64) AppleWebKit/537.36 (KHTML, like Gecko) Chrome/127.0.0.0 Safari/537.36","Win32","en-US",true,,"1313x739",24,"[""Chrome PDF Plugin"",""Chrome PDF Viewer""]","Asia/Calcutta",false,"[""en-US"",""en""]","20030107",0,,false,"Chrome","WebKit",false,33,"WebKit","WebKit WebGL",true,"[]","[15/Aug/2024:11:55:35 +0000]",false,false,false,false,false,false,false,false,false,false,false,false,false,false,false,false,false,false,false,false,false,"5.0 (Windows NT 10.0; Win64; x64) AppleWebKit/537.36 (KHTML, like Gecko) Chrome/127.0.0.0 Safari/537.36","Success","Mozilla/5.0 (Windows NT 10.0; Win64; x64) AppleWebKit/537.36 (KHTML, like Gecko) Chrome/127.0.0.0 Safari/537.36","Success",false,"Success","[""en-US"",""en""]","Success","20030107","Success","[""Chrome PDF Plugin"",""Chrome PDF Viewer""]","Success",2,"Success",1313,698,1313,617,"Success",true,"Success",,"Failure","Error     at getErrorTrace (http://localhost:3000/index.js:138:13)     at detectBot (http://localhost:3000/index.js:120:33)     at http://localhost:3000/index.js:224:21","Success","[]","Success","function bind() { [native code] }","Success",false,false,false,false,false,false,"Success","default","Success"
false,,"[]","Mozilla/5.0 (Windows NT 10.0; Win64; x64) AppleWebKit/537.36 (KHTML, like Gecko) Chrome/127.0.0.0 Safari/537.36","Win32","en-US",true,,"1313x739",24,"[""Chrome PDF Plugin"",""Chrome PDF Viewer""]","Asia/Calcutta",false,"[""en-US"",""en""]","20030107",0,,false,"Chrome","WebKit",false,33,"WebKit","WebKit WebGL",true,"[]","[15/Aug/2024:11:56:15 +0000]",false,false,false,false,false,false,false,false,false,false,false,false,false,false,false,false,false,false,false,false,false,"5.0 (Windows NT 10.0; Win64; x64) AppleWebKit/537.36 (KHTML, like Gecko) Chrome/127.0.0.0 Safari/537.36","Success","Mozilla/5.0 (Windows NT 10.0; Win64; x64) AppleWebKit/537.36 (KHTML, like Gecko) Chrome/127.0.0.0 Safari/537.36","Success",false,"Success","[""en-US"",""en""]","Success","20030107","Success","[""Chrome PDF Plugin"",""Chrome PDF Viewer""]","Success",2,"Success",1313,698,1313,617,"Success",true,"Success",,"Failure","Error     at getErrorTrace (http://localhost:3000/index.js:138:13)     at detectBot (http://localhost:3000/index.js:120:33)     at http://localhost:3000/index.js:224:21","Success","[]","Success","function bind() { [native code] }","Success",false,false,false,false,false,false,"Success","default","Success"
false,,"[]","Mozilla/5.0 (Windows NT 10.0; Win64; x64) AppleWebKit/537.36 (KHTML, like Gecko) Chrome/127.0.0.0 Safari/537.36","Win32","en-US",true,,"1313x739",24,"[""Chrome PDF Plugin"",""Chrome PDF Viewer""]","Asia/Calcutta",false,"[""en-US"",""en""]","20030107",0,,false,"Chrome","WebKit",false,33,"WebKit","WebKit WebGL",true,"[]","[15/Aug/2024:11:56:25 +0000]",false,false,false,false,false,false,false,false,false,false,false,false,false,false,false,false,false,false,false,false,false,"5.0 (Windows NT 10.0; Win64; x64) AppleWebKit/537.36 (KHTML, like Gecko) Chrome/127.0.0.0 Safari/537.36","Success","Mozilla/5.0 (Windows NT 10.0; Win64; x64) AppleWebKit/537.36 (KHTML, like Gecko) Chrome/127.0.0.0 Safari/537.36","Success",false,"Success","[""en-US"",""en""]","Success","20030107","Success","[""Chrome PDF Plugin"",""Chrome PDF Viewer""]","Success",2,"Success",1313,698,1313,617,"Success",true,"Success",,"Failure","Error     at getErrorTrace (http://localhost:3000/index.js:138:13)     at detectBot (http://localhost:3000/index.js:120:33)     at http://localhost:3000/index.js:224:21","Success","[]","Success","function bind() { [native code] }","Success",false,false,false,false,false,false,"Success","default","Success"
false,,"[]","Mozilla/5.0 (Windows NT 10.0; Win64; x64) AppleWebKit/537.36 (KHTML, like Gecko) Chrome/127.0.0.0 Safari/537.36","Win32","en-US",true,,"1313x739",24,"[""Chrome PDF Plugin"",""Chrome PDF Viewer""]","Asia/Calcutta",false,"[""en-US"",""en""]","20030107",0,,false,"Chrome","WebKit",false,33,"WebKit","WebKit WebGL",true,"[]","[15/Aug/2024:11:56:34 +0000]",false,false,false,false,false,false,false,false,false,false,false,false,false,false,false,false,false,false,false,false,false,"5.0 (Windows NT 10.0; Win64; x64) AppleWebKit/537.36 (KHTML, like Gecko) Chrome/127.0.0.0 Safari/537.36","Success","Mozilla/5.0 (Windows NT 10.0; Win64; x64) AppleWebKit/537.36 (KHTML, like Gecko) Chrome/127.0.0.0 Safari/537.36","Success",false,"Success","[""en-US"",""en""]","Success","20030107","Success","[""Chrome PDF Plugin"",""Chrome PDF Viewer""]","Success",2,"Success",1313,698,1313,617,"Success",true,"Success",,"Failure","Error     at getErrorTrace (http://localhost:3000/index.js:138:13)     at detectBot (http://localhost:3000/index.js:120:33)     at http://localhost:3000/index.js:224:21","Success","[]","Success","function bind() { [native code] }","Success",false,false,false,false,false,false,"Success","default","Success"
false,,"[]","Mozilla/5.0 (Windows NT 10.0; Win64; x64) AppleWebKit/537.36 (KHTML, like Gecko) Chrome/127.0.0.0 Safari/537.36","Win32","en-US",true,,"1313x739",24,"[""Chrome PDF Plugin"",""Chrome PDF Viewer""]","Asia/Calcutta",false,"[""en-US"",""en""]","20030107",0,,false,"Chrome","WebKit",false,33,"WebKit","WebKit WebGL",true,"[]","[15/Aug/2024:11:58:13 +0000]",false,false,false,false,false,false,false,false,false,false,false,false,false,false,false,false,false,false,false,false,false,"5.0 (Windows NT 10.0; Win64; x64) AppleWebKit/537.36 (KHTML, like Gecko) Chrome/127.0.0.0 Safari/537.36","Success","Mozilla/5.0 (Windows NT 10.0; Win64; x64) AppleWebKit/537.36 (KHTML, like Gecko) Chrome/127.0.0.0 Safari/537.36","Success",false,"Success","[""en-US"",""en""]","Success","20030107","Success","[""Chrome PDF Plugin"",""Chrome PDF Viewer""]","Success",2,"Success",1313,698,1313,617,"Success",true,"Success",,"Failure","Error     at getErrorTrace (http://localhost:3000/index.js:138:13)     at detectBot (http://localhost:3000/index.js:120:33)     at http://localhost:3000/index.js:224:21","Success","[]","Success","function bind() { [native code] }","Success",false,false,false,false,false,false,"Success","default","Success"
false,,"[]","Mozilla/5.0 (Windows NT 10.0; Win64; x64) AppleWebKit/537.36 (KHTML, like Gecko) Chrome/127.0.0.0 Safari/537.36","Win32","en-US",true,,"1313x739",24,"[""Chrome PDF Plugin"",""Chrome PDF Viewer""]","Asia/Calcutta",false,"[""en-US"",""en""]","20030107",0,,false,"Chrome","WebKit",false,33,"WebKit","WebKit WebGL",true,"[]","[15/Aug/2024:11:59:06 +0000]",false,false,false,false,false,false,false,false,false,false,false,false,false,false,false,false,false,false,false,false,false,"5.0 (Windows NT 10.0; Win64; x64) AppleWebKit/537.36 (KHTML, like Gecko) Chrome/127.0.0.0 Safari/537.36","Success","Mozilla/5.0 (Windows NT 10.0; Win64; x64) AppleWebKit/537.36 (KHTML, like Gecko) Chrome/127.0.0.0 Safari/537.36","Success",false,"Success","[""en-US"",""en""]","Success","20030107","Success","[""Chrome PDF Plugin"",""Chrome PDF Viewer""]","Success",2,"Success",1313,698,1313,617,"Success",true,"Success",,"Failure","Error     at getErrorTrace (http://localhost:3000/index.js:138:13)     at detectBot (http://localhost:3000/index.js:120:33)     at http://localhost:3000/index.js:224:21","Success","[]","Success","function bind() { [native code] }","Success",false,false,false,false,false,false,"Success","default","Success"
false,,"[]","Mozilla/5.0 (Windows NT 10.0; Win64; x64) AppleWebKit/537.36 (KHTML, like Gecko) Chrome/127.0.0.0 Safari/537.36","Win32","en-US",true,,"1313x739",24,"[""Chrome PDF Plugin"",""Chrome PDF Viewer""]","Asia/Calcutta",false,"[""en-US"",""en""]","20030107",0,,false,"Chrome","WebKit",false,33,"WebKit","WebKit WebGL",true,"[]","[15/Aug/2024:11:59:24 +0000]",false,false,false,false,false,false,false,false,false,false,false,false,false,false,false,false,false,false,false,false,false,"5.0 (Windows NT 10.0; Win64; x64) AppleWebKit/537.36 (KHTML, like Gecko) Chrome/127.0.0.0 Safari/537.36","Success","Mozilla/5.0 (Windows NT 10.0; Win64; x64) AppleWebKit/537.36 (KHTML, like Gecko) Chrome/127.0.0.0 Safari/537.36","Success",false,"Success","[""en-US"",""en""]","Success","20030107","Success","[""Chrome PDF Plugin"",""Chrome PDF Viewer""]","Success",2,"Success",1313,698,1313,617,"Success",true,"Success",,"Failure","Error     at getErrorTrace (http://localhost:3000/index.js:138:13)     at detectBot (http://localhost:3000/index.js:120:33)     at http://localhost:3000/index.js:224:21","Success","[]","Success","function bind() { [native code] }","Success",false,false,false,false,false,false,"Success","default","Success"
false,,"[]","Mozilla/5.0 (Windows NT 10.0; Win64; x64) AppleWebKit/537.36 (KHTML, like Gecko) Chrome/127.0.0.0 Safari/537.36","Win32","en-US",true,,"1313x739",24,"[""Chrome PDF Plugin"",""Chrome PDF Viewer""]","Asia/Calcutta",false,"[""en-US"",""en""]","20030107",0,,false,"Chrome","WebKit",false,33,"WebKit","WebKit WebGL",true,"[]","[15/Aug/2024:11:59:36 +0000]",false,false,false,false,false,false,false,false,false,false,false,false,false,false,false,false,false,false,false,false,false,"5.0 (Windows NT 10.0; Win64; x64) AppleWebKit/537.36 (KHTML, like Gecko) Chrome/127.0.0.0 Safari/537.36","Success","Mozilla/5.0 (Windows NT 10.0; Win64; x64) AppleWebKit/537.36 (KHTML, like Gecko) Chrome/127.0.0.0 Safari/537.36","Success",false,"Success","[""en-US"",""en""]","Success","20030107","Success","[""Chrome PDF Plugin"",""Chrome PDF Viewer""]","Success",2,"Success",1313,698,1313,617,"Success",true,"Success",,"Failure","Error     at getErrorTrace (http://localhost:3000/index.js:138:13)     at detectBot (http://localhost:3000/index.js:120:33)     at http://localhost:3000/index.js:224:21","Success","[]","Success","function bind() { [native code] }","Success",false,false,false,false,false,false,"Success","default","Success"
false,,"[]","Mozilla/5.0 (Windows NT 10.0; Win64; x64) AppleWebKit/537.36 (KHTML, like Gecko) Chrome/127.0.0.0 Safari/537.36","Win32","en-US",true,,"1313x739",24,"[""Chrome PDF Plugin"",""Chrome PDF Viewer""]","Asia/Calcutta",false,"[""en-US"",""en""]","20030107",0,,false,"Chrome","WebKit",false,33,"WebKit","WebKit WebGL",true,"[]","[15/Aug/2024:20:34:38 +0000]",false,false,false,false,false,false,false,false,false,false,false,false,false,false,false,false,false,false,false,false,false,"5.0 (Windows NT 10.0; Win64; x64) AppleWebKit/537.36 (KHTML, like Gecko) Chrome/127.0.0.0 Safari/537.36","Success","Mozilla/5.0 (Windows NT 10.0; Win64; x64) AppleWebKit/537.36 (KHTML, like Gecko) Chrome/127.0.0.0 Safari/537.36","Success",false,"Success","[""en-US"",""en""]","Success","20030107","Success","[""Chrome PDF Plugin"",""Chrome PDF Viewer""]","Success",2,"Success",1313,698,1313,617,"Success",false,"Success",,"Failure","Error     at getErrorTrace (http://localhost:3000/index.js:138:13)     at detectBot (http://localhost:3000/index.js:120:33)     at http://localhost:3000/index.js:224:21","Success","[]","Success","function bind() { [native code] }","Success",false,false,false,false,false,false,"Success","default","Success"
false,,"[]","Mozilla/5.0 (Windows NT 10.0; Win64; x64) AppleWebKit/537.36 (KHTML, like Gecko) Chrome/127.0.0.0 Safari/537.36","Win32","en-US",true,,"1313x739",24,"[""Chrome PDF Plugin"",""Chrome PDF Viewer""]","Asia/Calcutta",false,"[""en-US"",""en""]","20030107",0,,false,"Chrome","WebKit",false,33,false,"WebKit","WebKit WebGL",true,"[]","[15/Aug/2024:20:56:38 +0000]",false,false,false,false,false,false,false,false,false,false,false,false,false,false,false,false,false,false,false,false,false,"5.0 (Windows NT 10.0; Win64; x64) AppleWebKit/537.36 (KHTML, like Gecko) Chrome/127.0.0.0 Safari/537.36","Success","Mozilla/5.0 (Windows NT 10.0; Win64; x64) AppleWebKit/537.36 (KHTML, like Gecko) Chrome/127.0.0.0 Safari/537.36","Success",false,"Success","[""en-US"",""en""]","Success","20030107","Success","[""Chrome PDF Plugin"",""Chrome PDF Viewer""]","Success",2,"Success",1313,698,1313,617,"Success",true,"Success",,"Failure","Error     at getErrorTrace (http://localhost:3000/index.js:175:13)     at detectBot (http://localhost:3000/index.js:157:33)     at http://localhost:3000/index.js:261:21","Success","[]","Success","function bind() { [native code] }","Success",false,false,false,false,false,false,"Success","default","Success"
false,,"[]","Mozilla/5.0 (Windows NT 10.0; Win64; x64) AppleWebKit/537.36 (KHTML, like Gecko) Chrome/127.0.0.0 Safari/537.36","Win32","en-US",true,,"1313x739",24,"[""Chrome PDF Plugin"",""Chrome PDF Viewer""]","Asia/Calcutta",false,"[""en-US"",""en""]","20030107",0,,false,"Chrome","WebKit",false,33,false,"WebKit","WebKit WebGL",true,"[]","[15/Aug/2024:21:16:11 +0000]",false,false,false,false,false,false,false,false,false,false,false,false,false,false,false,false,false,false,false,false,false,"5.0 (Windows NT 10.0; Win64; x64) AppleWebKit/537.36 (KHTML, like Gecko) Chrome/127.0.0.0 Safari/537.36","Success","Mozilla/5.0 (Windows NT 10.0; Win64; x64) AppleWebKit/537.36 (KHTML, like Gecko) Chrome/127.0.0.0 Safari/537.36","Success",false,"Success","[""en-US"",""en""]","Success","20030107","Success","[""Chrome PDF Plugin"",""Chrome PDF Viewer""]","Success",2,"Success",1313,698,1313,617,"Success",true,"Success",,"Failure","Error     at getErrorTrace (http://localhost:3000/index.js:175:13)     at detectBot (http://localhost:3000/index.js:157:33)     at http://localhost:3000/index.js:261:21","Success","[]","Success","function bind() { [native code] }","Success",false,false,false,false,false,false,"Success","default","Success"
false,,"[]","Mozilla/5.0 (Windows NT 10.0; Win64; x64) AppleWebKit/537.36 (KHTML, like Gecko) Chrome/127.0.0.0 Safari/537.36","Win32","en-US",true,,"1313x739",24,"[""Chrome PDF Plugin"",""Chrome PDF Viewer""]","Asia/Calcutta",false,"[""en-US"",""en""]","20030107",0,,false,"Chrome","WebKit",false,33,false,"WebKit","WebKit WebGL",true,"[]","Fri, 16 Aug 2024 10:01:11 +0000",false,false,false,false,false,false,false,false,false,false,false,false,false,false,false,false,false,false,false,false,false,"5.0 (Windows NT 10.0; Win64; x64) AppleWebKit/537.36 (KHTML, like Gecko) Chrome/127.0.0.0 Safari/537.36","Success","Mozilla/5.0 (Windows NT 10.0; Win64; x64) AppleWebKit/537.36 (KHTML, like Gecko) Chrome/127.0.0.0 Safari/537.36","Success",false,"Success","[""en-US"",""en""]","Success","20030107","Success","[""Chrome PDF Plugin"",""Chrome PDF Viewer""]","Success",2,"Success",1313,698,1313,617,"Success",true,"Success",,"Failure","Error     at getErrorTrace (http://localhost:3000/index.js:175:13)     at detectBot (http://localhost:3000/index.js:157:33)     at http://localhost:3000/index.js:261:21","Success","[]","Success","function bind() { [native code] }","Success",false,false,false,false,false,false,"Success","default","Success"
false,"","[]","Mozilla/5.0 (Windows NT 10.0; Win64; x64) AppleWebKit/537.36 (KHTML, like Gecko) Chrome/127.0.0.0 Safari/537.36","Win32","en-US",true,,"1313x739",24,"[""Chrome PDF Plugin"",""Chrome PDF Viewer""]","Asia/Calcutta",false,"[""en-US"",""en""]","20030107",0,,false,"Chrome","WebKit",false,33,false,"WebKit","WebKit WebGL",true,"[]","Fri, 16 Aug 2024 10:10:16 +0000",false,false,false,false,false,false,false,false,false,false,false,false,false,false,false,false,false,false,false,false,false,"5.0 (Windows NT 10.0; Win64; x64) AppleWebKit/537.36 (KHTML, like Gecko) Chrome/127.0.0.0 Safari/537.36","Success","Mozilla/5.0 (Windows NT 10.0; Win64; x64) AppleWebKit/537.36 (KHTML, like Gecko) Chrome/127.0.0.0 Safari/537.36","Success",false,"Success","[""en-US"",""en""]","Success","20030107","Success","[""Chrome PDF Plugin"",""Chrome PDF Viewer""]","Success",2,"Success",1313,698,1313,617,"Success",true,"Success",,"Failure","Error     at getErrorTrace (http://localhost:3000/index.js:175:13)     at detectBot (http://localhost:3000/index.js:157:33)     at http://localhost:3000/index.js:261:21","Success","[]","Success","function bind() { [native code] }","Success",false,false,false,false,false,false,"Success","default","Success"
false,,"[]","Mozilla/5.0 (Windows NT 10.0; Win64; x64) AppleWebKit/537.36 (KHTML, like Gecko) Chrome/127.0.0.0 Safari/537.36","Win32","en-US",true,,"1313x739",24,"[""Chrome PDF Plugin"",""Chrome PDF Viewer""]","Asia/Calcutta",false,"[""en-US"",""en""]","20030107",0,,false,"Chrome","WebKit",false,33,false,"WebKit","WebKit WebGL",true,"[]","Fri, 16 Aug 2024 10:41:09 +0000",false,false,false,false,false,false,false,false,false,false,false,false,false,false,false,false,false,false,false,false,false,"5.0 (Windows NT 10.0; Win64; x64) AppleWebKit/537.36 (KHTML, like Gecko) Chrome/127.0.0.0 Safari/537.36","Success","Mozilla/5.0 (Windows NT 10.0; Win64; x64) AppleWebKit/537.36 (KHTML, like Gecko) Chrome/127.0.0.0 Safari/537.36","Success",false,"Success","[""en-US"",""en""]","Success","20030107","Success","[""Chrome PDF Plugin"",""Chrome PDF Viewer""]","Success",2,"Success",1313,698,1313,617,"Success",true,"Success",,"Failure","Error     at getErrorTrace (http://localhost:3000/index.js:175:13)     at detectBot (http://localhost:3000/index.js:157:33)     at http://localhost:3000/index.js:261:21","Success","[]","Success","function bind() { [native code] }","Success",false,false,false,false,false,false,"Success","default","Success"
false,,"[]","Mozilla/5.0 (Windows NT 10.0; Win64; x64) AppleWebKit/537.36 (KHTML, like Gecko) Chrome/127.0.0.0 Safari/537.36","Win32","en-US",true,,"1313x739",24,"[""Chrome PDF Plugin"",""Chrome PDF Viewer""]","Asia/Calcutta",false,"[""en-US"",""en""]","20030107",0,,false,"Chrome","WebKit",false,33,false,"WebKit","WebKit WebGL",true,"[]","Fri, 16 Aug 2024 10:42:04 +0000",false,false,false,false,false,false,false,false,false,false,false,false,false,false,false,false,false,false,false,false,false,"5.0 (Windows NT 10.0; Win64; x64) AppleWebKit/537.36 (KHTML, like Gecko) Chrome/127.0.0.0 Safari/537.36","Success","Mozilla/5.0 (Windows NT 10.0; Win64; x64) AppleWebKit/537.36 (KHTML, like Gecko) Chrome/127.0.0.0 Safari/537.36","Success",false,"Success","[""en-US"",""en""]","Success","20030107","Success","[""Chrome PDF Plugin"",""Chrome PDF Viewer""]","Success",2,"Success",1313,698,1313,617,"Success",true,"Success",,"Failure","Error     at getErrorTrace (http://localhost:3000/index.js:175:13)     at detectBot (http://localhost:3000/index.js:157:33)     at http://localhost:3000/index.js:261:21","Success","[]","Success","function bind() { [native code] }","Success",false,false,false,false,false,false,"Success","default","Success"
false,,"[]","Mozilla/5.0 (Windows NT 10.0; Win64; x64) AppleWebKit/537.36 (KHTML, like Gecko) Chrome/127.0.0.0 Safari/537.36","Win32","en-US",true,,"1313x739",24,"[""Chrome PDF Plugin"",""Chrome PDF Viewer""]","Asia/Calcutta",false,"[""en-US"",""en""]","20030107",0,,false,"Chrome","WebKit",false,33,false,"WebKit","WebKit WebGL",true,"[]","Fri, 16 Aug 2024 10:42:10 +0000",false,false,false,false,false,false,false,false,false,false,false,false,false,false,false,false,false,false,false,false,false,"5.0 (Windows NT 10.0; Win64; x64) AppleWebKit/537.36 (KHTML, like Gecko) Chrome/127.0.0.0 Safari/537.36","Success","Mozilla/5.0 (Windows NT 10.0; Win64; x64) AppleWebKit/537.36 (KHTML, like Gecko) Chrome/127.0.0.0 Safari/537.36","Success",false,"Success","[""en-US"",""en""]","Success","20030107","Success","[""Chrome PDF Plugin"",""Chrome PDF Viewer""]","Success",2,"Success",1313,698,1313,617,"Success",true,"Success",,"Failure","Error     at getErrorTrace (http://localhost:3000/index.js:175:13)     at detectBot (http://localhost:3000/index.js:157:33)     at http://localhost:3000/index.js:261:21","Success","[]","Success","function bind() { [native code] }","Success",false,false,false,false,false,false,"Success","default","Success"
false,,"[]","Mozilla/5.0 (Windows NT 10.0; Win64; x64) AppleWebKit/537.36 (KHTML, like Gecko) Chrome/127.0.0.0 Safari/537.36","Win32","en-US",true,,"1313x739",24,"[""Chrome PDF Plugin"",""Chrome PDF Viewer""]","Asia/Calcutta",false,"[""en-US"",""en""]","20030107",0,,false,"Chrome","WebKit",false,33,false,"WebKit","WebKit WebGL",true,"[]","Fri, 16 Aug 2024 10:42:51 +0000",false,false,false,false,false,false,false,false,false,false,false,false,false,false,false,false,false,false,false,false,false,"5.0 (Windows NT 10.0; Win64; x64) AppleWebKit/537.36 (KHTML, like Gecko) Chrome/127.0.0.0 Safari/537.36","Success","Mozilla/5.0 (Windows NT 10.0; Win64; x64) AppleWebKit/537.36 (KHTML, like Gecko) Chrome/127.0.0.0 Safari/537.36","Success",false,"Success","[""en-US"",""en""]","Success","20030107","Success","[""Chrome PDF Plugin"",""Chrome PDF Viewer""]","Success",2,"Success",1313,698,1313,617,"Success",true,"Success",,"Failure","Error     at getErrorTrace (http://localhost:3000/index.js:175:13)     at detectBot (http://localhost:3000/index.js:157:33)     at http://localhost:3000/index.js:261:21","Success","[]","Success","function bind() { [native code] }","Success",false,false,false,false,false,false,"Success","default","Success"
false,,"[]","Mozilla/5.0 (Windows NT 10.0; Win64; x64) AppleWebKit/537.36 (KHTML, like Gecko) Chrome/127.0.0.0 Safari/537.36","Win32","en-US",true,,"1313x739",24,"[""Chrome PDF Plugin"",""Chrome PDF Viewer""]","Asia/Calcutta",false,"[""en-US"",""en""]","20030107",0,,false,"Chrome","WebKit",false,33,false,"WebKit","WebKit WebGL",true,"[]","Fri, 16 Aug 2024 10:43:05 +0000",false,false,false,false,false,false,false,false,false,false,false,false,false,false,false,false,false,false,false,false,false,"5.0 (Windows NT 10.0; Win64; x64) AppleWebKit/537.36 (KHTML, like Gecko) Chrome/127.0.0.0 Safari/537.36","Success","Mozilla/5.0 (Windows NT 10.0; Win64; x64) AppleWebKit/537.36 (KHTML, like Gecko) Chrome/127.0.0.0 Safari/537.36","Success",false,"Success","[""en-US"",""en""]","Success","20030107","Success","[""Chrome PDF Plugin"",""Chrome PDF Viewer""]","Success",2,"Success",1313,698,1313,617,"Success",true,"Success",,"Failure","Error     at getErrorTrace (http://localhost:3000/index.js:175:13)     at detectBot (http://localhost:3000/index.js:157:33)     at http://localhost:3000/index.js:261:21","Success","[]","Success","function bind() { [native code] }","Success",false,false,false,false,false,false,"Success","default","Success"
false,,"[]","Mozilla/5.0 (Windows NT 10.0; Win64; x64) AppleWebKit/537.36 (KHTML, like Gecko) Chrome/127.0.0.0 Safari/537.36","Win32","en-US",true,,"1313x739",24,"[""Chrome PDF Plugin"",""Chrome PDF Viewer""]","Asia/Calcutta",false,"[""en-US"",""en""]","20030107",0,,false,"Chrome","WebKit",false,33,false,"WebKit","WebKit WebGL",true,"[]","Fri, 16 Aug 2024 10:43:16 +0000",false,false,false,false,false,false,false,false,false,false,false,false,false,false,false,false,false,false,false,false,false,"5.0 (Windows NT 10.0; Win64; x64) AppleWebKit/537.36 (KHTML, like Gecko) Chrome/127.0.0.0 Safari/537.36","Success","Mozilla/5.0 (Windows NT 10.0; Win64; x64) AppleWebKit/537.36 (KHTML, like Gecko) Chrome/127.0.0.0 Safari/537.36","Success",false,"Success","[""en-US"",""en""]","Success","20030107","Success","[""Chrome PDF Plugin"",""Chrome PDF Viewer""]","Success",2,"Success",1313,698,1313,617,"Success",true,"Success",,"Failure","Error     at getErrorTrace (http://localhost:3000/index.js:175:13)     at detectBot (http://localhost:3000/index.js:157:33)     at http://localhost:3000/index.js:261:21","Success","[]","Success","function bind() { [native code] }","Success",false,false,false,false,false,false,"Success","default","Success"
false,,"[]","Mozilla/5.0 (Windows NT 10.0; Win64; x64) AppleWebKit/537.36 (KHTML, like Gecko) Chrome/127.0.0.0 Safari/537.36","Win32","en-US",true,,"1313x739",24,"[""Chrome PDF Plugin"",""Chrome PDF Viewer""]","Asia/Calcutta",false,"[""en-US"",""en""]","20030107",0,,false,"Chrome","WebKit",false,33,false,"WebKit","WebKit WebGL",true,"[]","Fri, 16 Aug 2024 10:45:42 +0000",false,false,false,false,false,false,false,false,false,false,false,false,false,false,false,false,false,false,false,false,false,"5.0 (Windows NT 10.0; Win64; x64) AppleWebKit/537.36 (KHTML, like Gecko) Chrome/127.0.0.0 Safari/537.36","Success","Mozilla/5.0 (Windows NT 10.0; Win64; x64) AppleWebKit/537.36 (KHTML, like Gecko) Chrome/127.0.0.0 Safari/537.36","Success",false,"Success","[""en-US"",""en""]","Success","20030107","Success","[""Chrome PDF Plugin"",""Chrome PDF Viewer""]","Success",2,"Success",1313,698,1313,617,"Success",true,"Success",,"Failure","Error     at getErrorTrace (http://localhost:3000/index.js:175:13)     at detectBot (http://localhost:3000/index.js:157:33)     at http://localhost:3000/index.js:261:21","Success","[]","Success","function bind() { [native code] }","Success",false,false,false,false,false,false,"Success","default","Success"
false,,"[]","Mozilla/5.0 (Windows NT 10.0; Win64; x64) AppleWebKit/537.36 (KHTML, like Gecko) Chrome/127.0.0.0 Safari/537.36","Win32","en-US",true,,"1313x739",24,"[""Chrome PDF Plugin"",""Chrome PDF Viewer""]","Asia/Calcutta",false,"[""en-US"",""en""]","20030107",0,,false,"Chrome","WebKit",false,33,false,"WebKit","WebKit WebGL",true,"[]","Fri, 16 Aug 2024 10:46:47 +0000",false,false,false,false,false,false,false,false,false,false,false,false,false,false,false,false,false,false,false,false,false,"5.0 (Windows NT 10.0; Win64; x64) AppleWebKit/537.36 (KHTML, like Gecko) Chrome/127.0.0.0 Safari/537.36","Success","Mozilla/5.0 (Windows NT 10.0; Win64; x64) AppleWebKit/537.36 (KHTML, like Gecko) Chrome/127.0.0.0 Safari/537.36","Success",false,"Success","[""en-US"",""en""]","Success","20030107","Success","[""Chrome PDF Plugin"",""Chrome PDF Viewer""]","Success",2,"Success",1313,698,1313,617,"Success",true,"Success",,"Failure","Error     at getErrorTrace (http://localhost:3000/index.js:175:13)     at detectBot (http://localhost:3000/index.js:157:33)     at http://localhost:3000/index.js:261:21","Success","[]","Success","function bind() { [native code] }","Success",false,false,false,false,false,false,"Success","default","Success"
false,,"[]","Mozilla/5.0 (Windows NT 10.0; Win64; x64) AppleWebKit/537.36 (KHTML, like Gecko) Chrome/127.0.0.0 Safari/537.36","Win32","en-US",true,,"1313x739",24,"[""Chrome PDF Plugin"",""Chrome PDF Viewer""]","Asia/Calcutta",false,"[""en-US"",""en""]","20030107",0,,false,"Chrome","WebKit",false,33,false,"WebKit","WebKit WebGL",true,"[]","Fri, 16 Aug 2024 10:46:59 +0000",false,false,false,false,false,false,false,false,false,false,false,false,false,false,false,false,false,false,false,false,false,"5.0 (Windows NT 10.0; Win64; x64) AppleWebKit/537.36 (KHTML, like Gecko) Chrome/127.0.0.0 Safari/537.36","Success","Mozilla/5.0 (Windows NT 10.0; Win64; x64) AppleWebKit/537.36 (KHTML, like Gecko) Chrome/127.0.0.0 Safari/537.36","Success",false,"Success","[""en-US"",""en""]","Success","20030107","Success","[""Chrome PDF Plugin"",""Chrome PDF Viewer""]","Success",2,"Success",1313,698,1313,617,"Success",true,"Success",,"Failure","Error     at getErrorTrace (http://localhost:3000/index.js:175:13)     at detectBot (http://localhost:3000/index.js:157:33)     at http://localhost:3000/index.js:261:21","Success","[]","Success","function bind() { [native code] }","Success",false,false,false,false,false,false,"Success","default","Success"
false,,"[]","Mozilla/5.0 (Windows NT 10.0; Win64; x64) AppleWebKit/537.36 (KHTML, like Gecko) Chrome/127.0.0.0 Safari/537.36","Win32","en-US",true,,"1313x739",24,"[""Chrome PDF Plugin"",""Chrome PDF Viewer""]","Asia/Calcutta",false,"[""en-US"",""en""]","20030107",0,,false,"Chrome","WebKit",false,33,false,"WebKit","WebKit WebGL",true,"[]","Fri, 16 Aug 2024 10:47:24 +0000",false,false,false,false,false,false,false,false,false,false,false,false,false,false,false,false,false,false,false,false,false,"5.0 (Windows NT 10.0; Win64; x64) AppleWebKit/537.36 (KHTML, like Gecko) Chrome/127.0.0.0 Safari/537.36","Success","Mozilla/5.0 (Windows NT 10.0; Win64; x64) AppleWebKit/537.36 (KHTML, like Gecko) Chrome/127.0.0.0 Safari/537.36","Success",false,"Success","[""en-US"",""en""]","Success","20030107","Success","[""Chrome PDF Plugin"",""Chrome PDF Viewer""]","Success",2,"Success",1313,698,1313,617,"Success",true,"Success",,"Failure","Error     at getErrorTrace (http://localhost:3000/index.js:175:13)     at detectBot (http://localhost:3000/index.js:157:33)     at http://localhost:3000/index.js:261:21","Success","[]","Success","function bind() { [native code] }","Success",false,false,false,false,false,false,"Success","default","Success"
false,,"[]","Mozilla/5.0 (Windows NT 10.0; Win64; x64) AppleWebKit/537.36 (KHTML, like Gecko) Chrome/127.0.0.0 Safari/537.36","Win32","en-US",true,,"1313x739",24,"[""Chrome PDF Plugin"",""Chrome PDF Viewer""]","Asia/Calcutta",false,"[""en-US"",""en""]","20030107",0,,false,"Chrome","WebKit",false,33,false,"WebKit","WebKit WebGL",true,"[]","Fri, 16 Aug 2024 10:47:44 +0000",false,false,false,false,false,false,false,false,false,false,false,false,false,false,false,false,false,false,false,false,false,"5.0 (Windows NT 10.0; Win64; x64) AppleWebKit/537.36 (KHTML, like Gecko) Chrome/127.0.0.0 Safari/537.36","Success","Mozilla/5.0 (Windows NT 10.0; Win64; x64) AppleWebKit/537.36 (KHTML, like Gecko) Chrome/127.0.0.0 Safari/537.36","Success",false,"Success","[""en-US"",""en""]","Success","20030107","Success","[""Chrome PDF Plugin"",""Chrome PDF Viewer""]","Success",2,"Success",1313,698,1313,617,"Success",true,"Success",,"Failure","Error     at getErrorTrace (http://localhost:3000/index.js:175:13)     at detectBot (http://localhost:3000/index.js:157:33)     at http://localhost:3000/index.js:261:21","Success","[]","Success","function bind() { [native code] }","Success",false,false,false,false,false,false,"Success","default","Success"
false,,"[]","Mozilla/5.0 (Windows NT 10.0; Win64; x64) AppleWebKit/537.36 (KHTML, like Gecko) Chrome/127.0.0.0 Safari/537.36","Win32","en-US",true,,"1313x739",24,"[""Chrome PDF Plugin"",""Chrome PDF Viewer""]","Asia/Calcutta",false,"[""en-US"",""en""]","20030107",0,,false,"Chrome","WebKit",false,33,false,"WebKit","WebKit WebGL",true,"[]","Fri, 16 Aug 2024 10:47:59 +0000",false,false,false,false,false,false,false,false,false,false,false,false,false,false,false,false,false,false,false,false,false,"5.0 (Windows NT 10.0; Win64; x64) AppleWebKit/537.36 (KHTML, like Gecko) Chrome/127.0.0.0 Safari/537.36","Success","Mozilla/5.0 (Windows NT 10.0; Win64; x64) AppleWebKit/537.36 (KHTML, like Gecko) Chrome/127.0.0.0 Safari/537.36","Success",false,"Success","[""en-US"",""en""]","Success","20030107","Success","[""Chrome PDF Plugin"",""Chrome PDF Viewer""]","Success",2,"Success",1313,698,1313,617,"Success",true,"Success",,"Failure","Error     at getErrorTrace (http://localhost:3000/index.js:175:13)     at detectBot (http://localhost:3000/index.js:157:33)     at http://localhost:3000/index.js:261:21","Success","[]","Success","function bind() { [native code] }","Success",false,false,false,false,false,false,"Success","default","Success"
false,,"[]","Mozilla/5.0 (Windows NT 10.0; Win64; x64) AppleWebKit/537.36 (KHTML, like Gecko) Chrome/127.0.0.0 Safari/537.36","Win32","en-US",true,,"1313x739",24,"[""Chrome PDF Plugin"",""Chrome PDF Viewer""]","Asia/Calcutta",false,"[""en-US"",""en""]","20030107",0,,false,"Chrome","WebKit",false,33,false,"WebKit","WebKit WebGL",true,"[]","Fri, 16 Aug 2024 10:48:15 +0000",false,false,false,false,false,false,false,false,false,false,false,false,false,false,false,false,false,false,false,false,false,"5.0 (Windows NT 10.0; Win64; x64) AppleWebKit/537.36 (KHTML, like Gecko) Chrome/127.0.0.0 Safari/537.36","Success","Mozilla/5.0 (Windows NT 10.0; Win64; x64) AppleWebKit/537.36 (KHTML, like Gecko) Chrome/127.0.0.0 Safari/537.36","Success",false,"Success","[""en-US"",""en""]","Success","20030107","Success","[""Chrome PDF Plugin"",""Chrome PDF Viewer""]","Success",2,"Success",1313,698,1313,617,"Success",true,"Success",,"Failure","Error     at getErrorTrace (http://localhost:3000/index.js:175:13)     at detectBot (http://localhost:3000/index.js:157:33)     at http://localhost:3000/index.js:261:21","Success","[]","Success","function bind() { [native code] }","Success",false,false,false,false,false,false,"Success","default","Success"
false,,"[]","Mozilla/5.0 (Windows NT 10.0; Win64; x64) AppleWebKit/537.36 (KHTML, like Gecko) Chrome/127.0.0.0 Safari/537.36","Win32","en-US",true,,"1313x739",24,"[""Chrome PDF Plugin"",""Chrome PDF Viewer""]","Asia/Calcutta",false,"[""en-US"",""en""]","20030107",0,,false,"Chrome","WebKit",false,33,false,"WebKit","WebKit WebGL",true,"[]","Fri, 16 Aug 2024 10:48:30 +0000",false,false,false,false,false,false,false,false,false,false,false,false,false,false,false,false,false,false,false,false,false,"5.0 (Windows NT 10.0; Win64; x64) AppleWebKit/537.36 (KHTML, like Gecko) Chrome/127.0.0.0 Safari/537.36","Success","Mozilla/5.0 (Windows NT 10.0; Win64; x64) AppleWebKit/537.36 (KHTML, like Gecko) Chrome/127.0.0.0 Safari/537.36","Success",false,"Success","[""en-US"",""en""]","Success","20030107","Success","[""Chrome PDF Plugin"",""Chrome PDF Viewer""]","Success",2,"Success",1313,698,1313,617,"Success",true,"Success",,"Failure","Error     at getErrorTrace (http://localhost:3000/index.js:175:13)     at detectBot (http://localhost:3000/index.js:157:33)     at http://localhost:3000/index.js:261:21","Success","[]","Success","function bind() { [native code] }","Success",false,false,false,false,false,false,"Success","default","Success"
false,,"[]","Mozilla/5.0 (Windows NT 10.0; Win64; x64) AppleWebKit/537.36 (KHTML, like Gecko) Chrome/127.0.0.0 Safari/537.36","Win32","en-US",true,,"1313x739",24,"[""Chrome PDF Plugin"",""Chrome PDF Viewer""]","Asia/Calcutta",false,"[""en-US"",""en""]","20030107",0,,false,"Chrome","WebKit",false,33,false,"WebKit","WebKit WebGL",true,"[]","Fri, 16 Aug 2024 10:51:02 +0000",false,false,false,false,false,false,false,false,false,false,false,false,false,false,false,false,false,false,false,false,false,"5.0 (Windows NT 10.0; Win64; x64) AppleWebKit/537.36 (KHTML, like Gecko) Chrome/127.0.0.0 Safari/537.36","Success","Mozilla/5.0 (Windows NT 10.0; Win64; x64) AppleWebKit/537.36 (KHTML, like Gecko) Chrome/127.0.0.0 Safari/537.36","Success",false,"Success","[""en-US"",""en""]","Success","20030107","Success","[""Chrome PDF Plugin"",""Chrome PDF Viewer""]","Success",2,"Success",1313,698,1313,617,"Success",true,"Success",,"Failure","Error     at getErrorTrace (http://localhost:3000/index.js:175:13)     at detectBot (http://localhost:3000/index.js:157:33)     at http://localhost:3000/index.js:261:21","Success","[]","Success","function bind() { [native code] }","Success",false,false,false,false,false,false,"Success","default","Success"
false,,"[]","Mozilla/5.0 (Windows NT 10.0; Win64; x64) AppleWebKit/537.36 (KHTML, like Gecko) Chrome/127.0.0.0 Safari/537.36","Win32","en-US",true,,"1313x739",24,"[""Chrome PDF Plugin"",""Chrome PDF Viewer""]","Asia/Calcutta",false,"[""en-US"",""en""]","20030107",0,,false,"Chrome","WebKit",false,33,false,"WebKit","WebKit WebGL",true,"[]","Fri, 16 Aug 2024 10:52:21 +0000",false,false,false,false,false,false,false,false,false,false,false,false,false,false,false,false,false,false,false,false,false,"5.0 (Windows NT 10.0; Win64; x64) AppleWebKit/537.36 (KHTML, like Gecko) Chrome/127.0.0.0 Safari/537.36","Success","Mozilla/5.0 (Windows NT 10.0; Win64; x64) AppleWebKit/537.36 (KHTML, like Gecko) Chrome/127.0.0.0 Safari/537.36","Success",false,"Success","[""en-US"",""en""]","Success","20030107","Success","[""Chrome PDF Plugin"",""Chrome PDF Viewer""]","Success",2,"Success",1313,698,1313,617,"Success",true,"Success",,"Failure","Error     at getErrorTrace (http://localhost:3000/index.js:175:13)     at detectBot (http://localhost:3000/index.js:157:33)     at http://localhost:3000/index.js:261:21","Success","[]","Success","function bind() { [native code] }","Success",false,false,false,false,false,false,"Success","default","Success"
false,,"[]","Mozilla/5.0 (Windows NT 10.0; Win64; x64) AppleWebKit/537.36 (KHTML, like Gecko) Chrome/127.0.0.0 Safari/537.36","Win32","en-US",true,,"1313x739",24,"[""Chrome PDF Plugin"",""Chrome PDF Viewer""]","Asia/Calcutta",false,"[""en-US"",""en""]","20030107",0,,false,"Chrome","WebKit",false,33,false,"WebKit","WebKit WebGL",true,"[]","Fri, 16 Aug 2024 10:53:08 +0000",false,false,false,false,false,false,false,false,false,false,false,false,false,false,false,false,false,false,false,false,false,"5.0 (Windows NT 10.0; Win64; x64) AppleWebKit/537.36 (KHTML, like Gecko) Chrome/127.0.0.0 Safari/537.36","Success","Mozilla/5.0 (Windows NT 10.0; Win64; x64) AppleWebKit/537.36 (KHTML, like Gecko) Chrome/127.0.0.0 Safari/537.36","Success",false,"Success","[""en-US"",""en""]","Success","20030107","Success","[""Chrome PDF Plugin"",""Chrome PDF Viewer""]","Success",2,"Success",1313,698,1313,617,"Success",true,"Success",,"Failure","Error     at getErrorTrace (http://localhost:3000/index.js:175:13)     at detectBot (http://localhost:3000/index.js:157:33)     at http://localhost:3000/index.js:261:21","Success","[]","Success","function bind() { [native code] }","Success",false,false,false,false,false,false,"Success","default","Success"
false,,"[]","Mozilla/5.0 (Windows NT 10.0; Win64; x64) AppleWebKit/537.36 (KHTML, like Gecko) Chrome/127.0.0.0 Safari/537.36","Win32","en-US",true,,"1313x739",24,"[""Chrome PDF Plugin"",""Chrome PDF Viewer""]","Asia/Calcutta",false,"[""en-US"",""en""]","20030107",0,,false,"Chrome","WebKit",false,33,false,"WebKit","WebKit WebGL",true,"[]","Fri, 16 Aug 2024 10:53:46 +0000",false,false,false,false,false,false,false,false,false,false,false,false,false,false,false,false,false,false,false,false,false,"5.0 (Windows NT 10.0; Win64; x64) AppleWebKit/537.36 (KHTML, like Gecko) Chrome/127.0.0.0 Safari/537.36","Success","Mozilla/5.0 (Windows NT 10.0; Win64; x64) AppleWebKit/537.36 (KHTML, like Gecko) Chrome/127.0.0.0 Safari/537.36","Success",false,"Success","[""en-US"",""en""]","Success","20030107","Success","[""Chrome PDF Plugin"",""Chrome PDF Viewer""]","Success",2,"Success",1313,698,1313,617,"Success",true,"Success",,"Failure","Error     at getErrorTrace (http://localhost:3000/index.js:175:13)     at detectBot (http://localhost:3000/index.js:157:33)     at http://localhost:3000/index.js:261:21","Success","[]","Success","function bind() { [native code] }","Success",false,false,false,false,false,false,"Success","default","Success"
false,,"[]","Mozilla/5.0 (Windows NT 10.0; Win64; x64) AppleWebKit/537.36 (KHTML, like Gecko) Chrome/127.0.0.0 Safari/537.36","Win32","en-US",true,,"1313x739",24,"[""Chrome PDF Plugin"",""Chrome PDF Viewer""]","Asia/Calcutta",false,"[""en-US"",""en""]","20030107",0,,false,"Chrome","WebKit",false,33,false,"WebKit","WebKit WebGL",true,"[]","Fri, 16 Aug 2024 10:55:07 +0000",false,false,false,false,false,false,false,false,false,false,false,false,false,false,false,false,false,false,false,false,false,"5.0 (Windows NT 10.0; Win64; x64) AppleWebKit/537.36 (KHTML, like Gecko) Chrome/127.0.0.0 Safari/537.36","Success","Mozilla/5.0 (Windows NT 10.0; Win64; x64) AppleWebKit/537.36 (KHTML, like Gecko) Chrome/127.0.0.0 Safari/537.36","Success",false,"Success","[""en-US"",""en""]","Success","20030107","Success","[""Chrome PDF Plugin"",""Chrome PDF Viewer""]","Success",2,"Success",1313,698,1313,617,"Success",true,"Success",,"Failure","Error     at getErrorTrace (http://localhost:3000/index.js:175:13)     at detectBot (http://localhost:3000/index.js:157:33)     at http://localhost:3000/index.js:261:21","Success","[]","Success","function bind() { [native code] }","Success",false,false,false,false,false,false,"Success","default","Success"
false,,"[]","Mozilla/5.0 (Windows NT 10.0; Win64; x64) AppleWebKit/537.36 (KHTML, like Gecko) Chrome/127.0.0.0 Safari/537.36","Win32","en-US",true,,"1313x739",24,"[""Chrome PDF Plugin"",""Chrome PDF Viewer""]","Asia/Calcutta",false,"[""en-US"",""en""]","20030107",0,,false,"Chrome","WebKit",false,33,false,"WebKit","WebKit WebGL",true,"[]","Fri, 16 Aug 2024 10:55:15 +0000",false,false,false,false,false,false,false,false,false,false,false,false,false,false,false,false,false,false,false,false,false,"5.0 (Windows NT 10.0; Win64; x64) AppleWebKit/537.36 (KHTML, like Gecko) Chrome/127.0.0.0 Safari/537.36","Success","Mozilla/5.0 (Windows NT 10.0; Win64; x64) AppleWebKit/537.36 (KHTML, like Gecko) Chrome/127.0.0.0 Safari/537.36","Success",false,"Success","[""en-US"",""en""]","Success","20030107","Success","[""Chrome PDF Plugin"",""Chrome PDF Viewer""]","Success",2,"Success",1313,698,1313,617,"Success",true,"Success",,"Failure","Error     at getErrorTrace (http://localhost:3000/index.js:175:13)     at detectBot (http://localhost:3000/index.js:157:33)     at http://localhost:3000/index.js:261:21","Success","[]","Success","function bind() { [native code] }","Success",false,false,false,false,false,false,"Success","default","Success"
false,,"[]","Mozilla/5.0 (Windows NT 10.0; Win64; x64) AppleWebKit/537.36 (KHTML, like Gecko) Chrome/127.0.0.0 Safari/537.36","Win32","en-US",true,,"1313x739",24,"[""Chrome PDF Plugin"",""Chrome PDF Viewer""]","Asia/Calcutta",false,"[""en-US"",""en""]","20030107",0,,false,"Chrome","WebKit",false,33,false,"WebKit","WebKit WebGL",true,"[]","Fri, 16 Aug 2024 10:55:53 +0000",false,false,false,false,false,false,false,false,false,false,false,false,false,false,false,false,false,false,false,false,false,"5.0 (Windows NT 10.0; Win64; x64) AppleWebKit/537.36 (KHTML, like Gecko) Chrome/127.0.0.0 Safari/537.36","Success","Mozilla/5.0 (Windows NT 10.0; Win64; x64) AppleWebKit/537.36 (KHTML, like Gecko) Chrome/127.0.0.0 Safari/537.36","Success",false,"Success","[""en-US"",""en""]","Success","20030107","Success","[""Chrome PDF Plugin"",""Chrome PDF Viewer""]","Success",2,"Success",1313,698,1313,617,"Success",true,"Success",,"Failure","Error     at getErrorTrace (http://localhost:3000/index.js:175:13)     at detectBot (http://localhost:3000/index.js:157:33)     at http://localhost:3000/index.js:261:21","Success","[]","Success","function bind() { [native code] }","Success",false,false,false,false,false,false,"Success","default","Success"
false,,"[]","Mozilla/5.0 (Windows NT 10.0; Win64; x64) AppleWebKit/537.36 (KHTML, like Gecko) Chrome/127.0.0.0 Safari/537.36","Win32","en-US",true,,"1313x739",24,"[""Chrome PDF Plugin"",""Chrome PDF Viewer""]","Asia/Calcutta",false,"[""en-US"",""en""]","20030107",0,,false,"Chrome","WebKit",false,33,false,"WebKit","WebKit WebGL",true,"[]","Fri, 16 Aug 2024 15:33:15 +0000",false,false,false,false,false,false,false,false,false,false,false,false,false,false,false,false,false,false,false,false,false,"5.0 (Windows NT 10.0; Win64; x64) AppleWebKit/537.36 (KHTML, like Gecko) Chrome/127.0.0.0 Safari/537.36","Success","Mozilla/5.0 (Windows NT 10.0; Win64; x64) AppleWebKit/537.36 (KHTML, like Gecko) Chrome/127.0.0.0 Safari/537.36","Success",false,"Success","[""en-US"",""en""]","Success","20030107","Success","[""Chrome PDF Plugin"",""Chrome PDF Viewer""]","Success",2,"Success",1313,698,1313,617,"Success",true,"Success",,"Failure","Error     at getErrorTrace (http://localhost:3000/index.js:175:13)     at detectBot (http://localhost:3000/index.js:157:33)     at http://localhost:3000/index.js:261:21","Success","[]","Success","function bind() { [native code] }","Success",false,false,false,false,false,false,"Success","default","Success"
false,"NotABot","[]","Mozilla/5.0 (Windows NT 10.0; Win64; x64) AppleWebKit/537.36 (KHTML, like Gecko) Chrome/127.0.0.0 Safari/537.36","Win32","en-US",true,,"1313x739",24,"[""Chrome PDF Plugin"",""Chrome PDF Viewer""]","Asia/Calcutta",false,"[""en-US"",""en""]","20030107",0,,false,"Chrome","WebKit",false,33,false,"WebKit","WebKit WebGL",true,"[]","Fri, 16 Aug 2024 15:37:11 +0000",false,false,false,false,false,false,false,false,false,false,false,false,false,false,false,false,false,false,false,false,false,"5.0 (Windows NT 10.0; Win64; x64) AppleWebKit/537.36 (KHTML, like Gecko) Chrome/127.0.0.0 Safari/537.36","Success","Mozilla/5.0 (Windows NT 10.0; Win64; x64) AppleWebKit/537.36 (KHTML, like Gecko) Chrome/127.0.0.0 Safari/537.36","Success",false,"Success","[""en-US"",""en""]","Success","20030107","Success","[""Chrome PDF Plugin"",""Chrome PDF Viewer""]","Success",2,"Success",1313,698,1313,617,"Success",true,"Success",,"Failure","Error     at getErrorTrace (http://localhost:3000/index.js:175:13)     at detectBot (http://localhost:3000/index.js:157:33)     at http://localhost:3000/index.js:261:21","Success","[]","Success","function bind() { [native code] }","Success",false,false,false,false,false,false,"Success","default","Success"
false,"NotABot","[]","Mozilla/5.0 (Windows NT 10.0; Win64; x64) AppleWebKit/537.36 (KHTML, like Gecko) Chrome/127.0.0.0 Safari/537.36","Win32","en-US",true,,"1313x739",24,"[""Chrome PDF Plugin"",""Chrome PDF Viewer""]","Asia/Calcutta",false,"[""en-US"",""en""]","20030107",0,,false,"Chrome","WebKit",false,33,false,"WebKit","WebKit WebGL",true,"[]","Fri, 16 Aug 2024 15:51:35 +0000",false,false,false,false,false,false,false,false,false,false,false,false,false,false,false,false,false,false,false,false,false,"5.0 (Windows NT 10.0; Win64; x64) AppleWebKit/537.36 (KHTML, like Gecko) Chrome/127.0.0.0 Safari/537.36","Success","Mozilla/5.0 (Windows NT 10.0; Win64; x64) AppleWebKit/537.36 (KHTML, like Gecko) Chrome/127.0.0.0 Safari/537.36","Success",false,"Success","[""en-US"",""en""]","Success","20030107","Success","[""Chrome PDF Plugin"",""Chrome PDF Viewer""]","Success",2,"Success",1313,698,1313,617,"Success",true,"Success",,"Failure","Error     at getErrorTrace (http://localhost:3000/index.js:175:13)     at detectBot (http://localhost:3000/index.js:157:33)     at http://localhost:3000/index.js:261:21","Success","[]","Success","function bind() { [native code] }","Success",false,false,false,false,false,false,"Success","default","Success"
false,"NotABot","[]","Mozilla/5.0 (Windows NT 10.0; Win64; x64) AppleWebKit/537.36 (KHTML, like Gecko) Chrome/127.0.0.0 Safari/537.36","Win32","en-US",true,,"1313x739",24,"[""Chrome PDF Plugin"",""Chrome PDF Viewer""]","Asia/Calcutta",false,"[""en-US"",""en""]","20030107",0,,false,"Chrome","WebKit",false,33,false,"WebKit","WebKit WebGL",true,"[]","Fri, 16 Aug 2024 15:54:50 +0000",false,false,false,false,false,false,false,false,false,false,false,false,false,false,false,false,false,false,false,false,false,"5.0 (Windows NT 10.0; Win64; x64) AppleWebKit/537.36 (KHTML, like Gecko) Chrome/127.0.0.0 Safari/537.36","Success","Mozilla/5.0 (Windows NT 10.0; Win64; x64) AppleWebKit/537.36 (KHTML, like Gecko) Chrome/127.0.0.0 Safari/537.36","Success",false,"Success","[""en-US"",""en""]","Success","20030107","Success","[""Chrome PDF Plugin"",""Chrome PDF Viewer""]","Success",2,"Success",1313,698,1313,617,"Success",true,"Success",,"Failure","Error     at getErrorTrace (http://localhost:3000/index.js:175:13)     at detectBot (http://localhost:3000/index.js:157:33)     at http://localhost:3000/index.js:261:21","Success","[]","Success","function bind() { [native code] }","Success",false,false,false,false,false,false,"Success","default","Success"
false,"NotABot","[]","Mozilla/5.0 (Windows NT 10.0; Win64; x64) AppleWebKit/537.36 (KHTML, like Gecko) Chrome/127.0.0.0 Safari/537.36","Win32","en-US",true,,"1313x739",24,"[""Chrome PDF Plugin"",""Chrome PDF Viewer""]","Asia/Calcutta",false,"[""en-US"",""en""]","20030107",0,,false,"Chrome","WebKit",false,33,false,"WebKit","WebKit WebGL",true,"[]","Fri, 16 Aug 2024 17:59:54 +0000",false,false,false,false,false,false,false,false,false,false,false,false,false,false,false,false,false,false,false,false,false,"5.0 (Windows NT 10.0; Win64; x64) AppleWebKit/537.36 (KHTML, like Gecko) Chrome/127.0.0.0 Safari/537.36","Success","Mozilla/5.0 (Windows NT 10.0; Win64; x64) AppleWebKit/537.36 (KHTML, like Gecko) Chrome/127.0.0.0 Safari/537.36","Success",false,"Success","[""en-US"",""en""]","Success","20030107","Success","[""Chrome PDF Plugin"",""Chrome PDF Viewer""]","Success",2,"Success",1313,698,1313,617,"Success",true,"Success",,"Failure","Error     at getErrorTrace (http://localhost:3000/index.js:175:13)     at detectBot (http://localhost:3000/index.js:157:33)     at http://localhost:3000/index.js:261:21","Success","[]","Success","function bind() { [native code] }","Success",false,false,false,false,false,false,"Success","default","Success"
false,"NotABot","[]","Mozilla/5.0 (Windows NT 10.0; Win64; x64) AppleWebKit/537.36 (KHTML, like Gecko) Chrome/127.0.0.0 Safari/537.36","Win32","en-US",true,,"1313x739",24,"[""Chrome PDF Plugin"",""Chrome PDF Viewer""]","Asia/Calcutta",false,"[""en-US"",""en""]","20030107",0,,false,"Chrome","WebKit",false,33,false,"WebKit","WebKit WebGL",true,"[]","Sat, 17 Aug 2024 08:21:14 +0000",false,false,false,false,false,false,false,false,false,false,false,false,false,false,false,false,false,false,false,false,false,"5.0 (Windows NT 10.0; Win64; x64) AppleWebKit/537.36 (KHTML, like Gecko) Chrome/127.0.0.0 Safari/537.36","Success","Mozilla/5.0 (Windows NT 10.0; Win64; x64) AppleWebKit/537.36 (KHTML, like Gecko) Chrome/127.0.0.0 Safari/537.36","Success",false,"Success","[""en-US"",""en""]","Success","20030107","Success","[""Chrome PDF Plugin"",""Chrome PDF Viewer""]","Success",2,"Success",1313,698,1313,617,"Success",true,"Success",,"Failure","Error     at getErrorTrace (http://localhost:3000/index.js:175:13)     at detectBot (http://localhost:3000/index.js:157:33)     at http://localhost:3000/index.js:261:21","Success","[]","Success","function bind() { [native code] }","Success",false,false,false,false,false,false,"Success","default","Success"
false,"NotABot","[]","Mozilla/5.0 (Windows NT 10.0; Win64; x64) AppleWebKit/537.36 (KHTML, like Gecko) Chrome/127.0.0.0 Safari/537.36","Win32","en-US",true,,"1313x739",24,"[""Chrome PDF Plugin"",""Chrome PDF Viewer""]","Asia/Calcutta",false,"[""en-US"",""en""]","20030107",0,,false,"Chrome","WebKit",false,33,false,"WebKit","WebKit WebGL",true,"[]","Sat, 17 Aug 2024 16:21:55 +0000",false,false,false,false,false,false,false,false,false,false,false,false,false,false,false,false,false,false,false,false,false,"5.0 (Windows NT 10.0; Win64; x64) AppleWebKit/537.36 (KHTML, like Gecko) Chrome/127.0.0.0 Safari/537.36","Success","Mozilla/5.0 (Windows NT 10.0; Win64; x64) AppleWebKit/537.36 (KHTML, like Gecko) Chrome/127.0.0.0 Safari/537.36","Success",false,"Success","[""en-US"",""en""]","Success","20030107","Success","[""Chrome PDF Plugin"",""Chrome PDF Viewer""]","Success",2,"Success",1313,698,1313,617,"Success",true,"Success",,"Failure","Error     at getErrorTrace (http://localhost:3000/index.js:175:13)     at detectBot (http://localhost:3000/index.js:157:33)     at http://localhost:3000/index.js:261:21","Success","[]","Success","function bind() { [native code] }","Success",false,false,false,false,false,false,"Success","default","Success"
false,"NotABot","[]","Mozilla/5.0 (Windows NT 10.0; Win64; x64) AppleWebKit/537.36 (KHTML, like Gecko) Chrome/127.0.0.0 Safari/537.36","Win32","en-US",true,,"1313x739",24,"[""Chrome PDF Plugin"",""Chrome PDF Viewer""]","Asia/Calcutta",false,"[""en-US"",""en""]","20030107",0,,false,"Chrome","WebKit",false,33,false,"WebKit","WebKit WebGL",true,"[]","Sat, 17 Aug 2024 19:34:42 +0000",false,false,false,false,false,false,false,false,false,false,false,false,false,false,false,false,false,false,false,false,false,"5.0 (Windows NT 10.0; Win64; x64) AppleWebKit/537.36 (KHTML, like Gecko) Chrome/127.0.0.0 Safari/537.36","Success","Mozilla/5.0 (Windows NT 10.0; Win64; x64) AppleWebKit/537.36 (KHTML, like Gecko) Chrome/127.0.0.0 Safari/537.36","Success",false,"Success","[""en-US"",""en""]","Success","20030107","Success","[""Chrome PDF Plugin"",""Chrome PDF Viewer""]","Success",2,"Success",1313,698,1313,617,"Success",true,"Success",,"Failure","Error     at getErrorTrace (http://localhost:3000/index.js:175:13)     at detectBot (http://localhost:3000/index.js:157:33)     at http://localhost:3000/index.js:261:21","Success","[]","Success","function bind() { [native code] }","Success",false,false,false,false,false,false,"Success","default","Success"
false,"NotABot","[]","Mozilla/5.0 (Windows NT 10.0; Win64; x64) AppleWebKit/537.36 (KHTML, like Gecko) Chrome/127.0.0.0 Safari/537.36","Win32","en-US",true,,"1313x739",24,"[""Chrome PDF Plugin"",""Chrome PDF Viewer""]","Asia/Calcutta",false,"[""en-US"",""en""]","20030107",0,,false,"Chrome","WebKit",false,33,false,"WebKit","WebKit WebGL",true,"[]","Sun, 18 Aug 2024 11:41:11 +0000",false,false,false,false,false,false,false,false,false,false,false,false,false,false,false,false,false,false,false,false,false,"5.0 (Windows NT 10.0; Win64; x64) AppleWebKit/537.36 (KHTML, like Gecko) Chrome/127.0.0.0 Safari/537.36","Success","Mozilla/5.0 (Windows NT 10.0; Win64; x64) AppleWebKit/537.36 (KHTML, like Gecko) Chrome/127.0.0.0 Safari/537.36","Success",false,"Success","[""en-US"",""en""]","Success","20030107","Success","[""Chrome PDF Plugin"",""Chrome PDF Viewer""]","Success",2,"Success",1313,698,1313,617,"Success",true,"Success",,"Failure","Error     at getErrorTrace (http://localhost:3000/index.js:175:13)     at detectBot (http://localhost:3000/index.js:157:33)     at http://localhost:3000/index.js:261:21","Success","[]","Success","function bind() { [native code] }","Success",false,false,false,false,false,false,"Success","default","Success"
false,"NotABot","[]","Mozilla/5.0 (Windows NT 10.0; Win64; x64) AppleWebKit/537.36 (KHTML, like Gecko) Chrome/127.0.0.0 Safari/537.36","Win32","en-US",true,,"1313x739",24,"[""Chrome PDF Plugin"",""Chrome PDF Viewer""]","Asia/Calcutta",false,"[""en-US"",""en""]","20030107",0,,false,"Chrome","WebKit",false,33,false,"WebKit","WebKit WebGL",true,"[]","Sun, 18 Aug 2024 11:56:34 +0000",false,false,false,false,false,false,false,false,false,false,false,false,false,false,false,false,false,false,false,false,false,"5.0 (Windows NT 10.0; Win64; x64) AppleWebKit/537.36 (KHTML, like Gecko) Chrome/127.0.0.0 Safari/537.36","Success","Mozilla/5.0 (Windows NT 10.0; Win64; x64) AppleWebKit/537.36 (KHTML, like Gecko) Chrome/127.0.0.0 Safari/537.36","Success",false,"Success","[""en-US"",""en""]","Success","20030107","Success","[""Chrome PDF Plugin"",""Chrome PDF Viewer""]","Success",2,"Success",1313,698,1313,617,"Success",true,"Success",,"Failure","Error     at getErrorTrace (http://localhost:3000/index.js:175:13)     at detectBot (http://localhost:3000/index.js:157:33)     at http://localhost:3000/index.js:261:21","Success","[]","Success","function bind() { [native code] }","Success",false,false,false,false,false,false,"Success","default","Success"
false,,"[]","Mozilla/5.0 (Windows NT 10.0; Win64; x64) AppleWebKit/537.36 (KHTML, like Gecko) Chrome/127.0.0.0 Safari/537.36","Win32","en-US",true,,"1313x739",24,"[""Chrome PDF Plugin"",""Chrome PDF Viewer""]","Asia/Calcutta",false,"[""en-US"",""en""]","20030107",0,,false,"Chrome","WebKit",false,33,"WebKit","WebKit WebGL",true,"[]","Mon, 19 Aug 2024 12:51:31 +0000",false,false,false,false,false,false,false,false,false,false,false,false,false,false,false,false,false,false,false,false,false,"5.0 (Windows NT 10.0; Win64; x64) AppleWebKit/537.36 (KHTML, like Gecko) Chrome/127.0.0.0 Safari/537.36","Success","Mozilla/5.0 (Windows NT 10.0; Win64; x64) AppleWebKit/537.36 (KHTML, like Gecko) Chrome/127.0.0.0 Safari/537.36","Success",false,"Success","[""en-US"",""en""]","Success","20030107","Success","[""Chrome PDF Plugin"",""Chrome PDF Viewer""]","Success",2,"Success",1313,698,1313,617,"Success",true,"Success",,"Failure","Error     at getErrorTrace (http://localhost:3000/index.js:175:13)     at detectBot (http://localhost:3000/index.js:157:33)     at http://localhost:3000/index.js:261:21","Success","[]","Success","function bind() { [native code] }","Success",false,false,false,false,false,false,"Success","default","Success"
false,"NotABot","[]","Mozilla/5.0 (Windows NT 10.0; Win64; x64) AppleWebKit/537.36 (KHTML, like Gecko) Chrome/127.0.0.0 Safari/537.36","Win32","en-US",true,,"1313x739",24,"[""Chrome PDF Plugin"",""Chrome PDF Viewer""]","Asia/Calcutta",false,"[""en-US"",""en""]","20030107",0,,false,"Chrome","WebKit",false,33,false,"WebKit","WebKit WebGL",true,"[]","Mon, 19 Aug 2024 13:57:41 +0000",false,false,false,false,false,false,false,false,false,false,false,false,false,false,false,false,false,false,false,false,false,"5.0 (Windows NT 10.0; Win64; x64) AppleWebKit/537.36 (KHTML, like Gecko) Chrome/127.0.0.0 Safari/537.36","Success","Mozilla/5.0 (Windows NT 10.0; Win64; x64) AppleWebKit/537.36 (KHTML, like Gecko) Chrome/127.0.0.0 Safari/537.36","Success",false,"Success","[""en-US"",""en""]","Success","20030107","Success","[""Chrome PDF Plugin"",""Chrome PDF Viewer""]","Success",2,"Success",1313,698,1313,617,"Success",true,"Success",,"Failure","Error     at getErrorTrace (http://localhost:3000/index.js:175:13)     at detectBot (http://localhost:3000/index.js:157:33)     at http://localhost:3000/index.js:261:21","Success","[]","Success","function bind() { [native code] }","Success",false,false,false,false,false,false,"Success","default","Success"
false,"NotABot","[]","Mozilla/5.0 (Windows NT 10.0; Win64; x64) AppleWebKit/537.36 (KHTML, like Gecko) Chrome/127.0.0.0 Safari/537.36","Win32","en-US",true,,"1313x739",24,"[""Chrome PDF Plugin"",""Chrome PDF Viewer""]","Asia/Calcutta",false,"[""en-US"",""en""]","20030107",0,,false,"Chrome","WebKit",false,33,false,"WebKit","WebKit WebGL",true,"[]","Thu, 22 Aug 2024 09:04:02 +0000",false,false,false,false,false,false,false,false,false,false,false,false,false,false,false,false,false,false,false,false,false,"5.0 (Windows NT 10.0; Win64; x64) AppleWebKit/537.36 (KHTML, like Gecko) Chrome/127.0.0.0 Safari/537.36","Success","Mozilla/5.0 (Windows NT 10.0; Win64; x64) AppleWebKit/537.36 (KHTML, like Gecko) Chrome/127.0.0.0 Safari/537.36","Success",false,"Success","[""en-US"",""en""]","Success","20030107","Success","[""Chrome PDF Plugin"",""Chrome PDF Viewer""]","Success",2,"Success",1313,698,1313,617,"Success",false,"Success",,"Failure","Error     at getErrorTrace (http://localhost:3000/index.js:175:13)     at detectBot (http://localhost:3000/index.js:157:33)     at http://localhost:3000/index.js:261:21","Success","[]","Success","function bind() { [native code] }","Success",false,false,false,false,false,false,"Success","default","Success"
false,"NotABot","[]","Mozilla/5.0 (Windows NT 10.0; Win64; x64) AppleWebKit/537.36 (KHTML, like Gecko) Chrome/127.0.0.0 Safari/537.36","Win32","en-US",true,,"1313x739",24,"[""Chrome PDF Plugin"",""Chrome PDF Viewer""]","Asia/Calcutta",false,"[""en-US"",""en""]","20030107",0,,false,"Chrome","WebKit",false,33,false,"WebKit","WebKit WebGL",true,"[]","Thu, 22 Aug 2024 09:06:23 +0000",false,false,false,false,false,false,false,false,false,false,false,false,false,false,false,false,false,false,false,false,false,"5.0 (Windows NT 10.0; Win64; x64) AppleWebKit/537.36 (KHTML, like Gecko) Chrome/127.0.0.0 Safari/537.36","Success","Mozilla/5.0 (Windows NT 10.0; Win64; x64) AppleWebKit/537.36 (KHTML, like Gecko) Chrome/127.0.0.0 Safari/537.36","Success",false,"Success","[""en-US"",""en""]","Success","20030107","Success","[""Chrome PDF Plugin"",""Chrome PDF Viewer""]","Success",2,"Success",1313,698,1313,617,"Success",true,"Success",,"Failure","Error     at getErrorTrace (http://localhost:3000/index.js:175:13)     at detectBot (http://localhost:3000/index.js:157:33)     at http://localhost:3000/index.js:261:21","Success","[]","Success","function bind() { [native code] }","Success",false,false,false,false,false,false,"Success","default","Success"