2024-09-05T17:54:53.542Z,127.0.0.1,N/A,"Mozilla/5.0 (Windows NT 10.0; Win64; x64) AppleWebKit/537.36 (KHTML, like Gecko) Chrome/128.0.0.0 Safari/537.36",Local Machine
2024-09-05T17:54:53.585Z,127.0.0.1,http://localhost:3000/,"Mozilla/5.0 (Windows NT 10.0; Win64; x64) AppleWebKit/537.36 (KHTML, like Gecko) Chrome/128.0.0.0 Safari/537.36",Local Machine
2024-09-05T17:54:53.598Z,127.0.0.1,http://localhost:3000/,"Mozilla/5.0 (Windows NT 10.0; Win64; x64) AppleWebKit/537.36 (KHTML, like Gecko) Chrome/128.0.0.0 Safari/537.36",Local Machine
2024-09-05T17:54:53.689Z,127.0.0.1,http://localhost:3000/,"Mozilla/5.0 (Windows NT 10.0; Win64; x64) AppleWebKit/537.36 (KHTML, like Gecko) Chrome/128.0.0.0 Safari/537.36",Local Machine
2024-09-05T17:54:53.742Z,127.0.0.1,http://localhost:3000/,"Mozilla/5.0 (Windows NT 10.0; Win64; x64) AppleWebKit/537.36 (KHTML, like Gecko) Chrome/128.0.0.0 Safari/537.36",Local Machine
2024-09-05T18:47:47.385Z,127.0.0.1,http://localhost:3000/,"Mozilla/5.0 (Windows NT 10.0; Win64; x64) AppleWebKit/537.36 (KHTML, like Gecko) Chrome/128.0.0.0 Safari/537.36",Local Machine
2024-09-05T18:47:47.394Z,127.0.0.1,http://localhost:3000/,"Mozilla/5.0 (Windows NT 10.0; Win64; x64) AppleWebKit/537.36 (KHTML, like Gecko) Chrome/128.0.0.0 Safari/537.36",Local Machine
2024-09-05T18:47:47.486Z,127.0.0.1,http://localhost:3000/,"Mozilla/5.0 (Windows NT 10.0; Win64; x64) AppleWebKit/537.36 (KHTML, like Gecko) Chrome/128.0.0.0 Safari/537.36",Local Machine
2024-09-05T18:47:47.515Z,127.0.0.1,http://localhost:3000/,"Mozilla/5.0 (Windows NT 10.0; Win64; x64) AppleWebKit/537.36 (KHTML, like Gecko) Chrome/128.0.0.0 Safari/537.36",Local Machine
2024-09-05T19:22:58.923Z,127.0.0.1,http://localhost:3000/,"Mozilla/5.0 (Windows NT 10.0; Win64; x64) AppleWebKit/537.36 (KHTML, like Gecko) Chrome/128.0.0.0 Safari/537.36",Local Machine
2024-09-05T19:22:58.949Z,127.0.0.1,http://localhost:3000/,"Mozilla/5.0 (Windows NT 10.0; Win64; x64) AppleWebKit/537.36 (KHTML, like Gecko) Chrome/128.0.0.0 Safari/537.36",Local Machine
2024-09-05T19:22:58.961Z,127.0.0.1,http://localhost:3000/,"Mozilla/5.0 (Windows NT 10.0; Win64; x64) AppleWebKit/537.36 (KHTML, like Gecko) Chrome/128.0.0.0 Safari/537.36",Local Machine
2024-09-05T19:22:59.017Z,127.0.0.1,http://localhost:3000/,"Mozilla/5.0 (Windows NT 10.0; Win64; x64) AppleWebKit/537.36 (KHTML, like Gecko) Chrome/128.0.0.0 Safari/537.36",Local Machine
2024-09-08T11:11:19.066Z,127.0.0.1,N/A,"Mozilla/5.0 (Windows NT 10.0; Win64; x64) AppleWebKit/537.36 (KHTML, like Gecko) Chrome/128.0.0.0 Safari/537.36",Local Machine
2024-09-08T11:11:19.160Z,127.0.0.1,http://localhost:3000/,"Mozilla/5.0 (Windows NT 10.0; Win64; x64) AppleWebKit/537.36 (KHTML, like Gecko) Chrome/128.0.0.0 Safari/537.36",Local Machine
2024-09-08T11:11:19.171Z,127.0.0.1,http://localhost:3000/,"Mozilla/5.0 (Windows NT 10.0; Win64; x64) AppleWebKit/537.36 (KHTML, like Gecko) Chrome/128.0.0.0 Safari/537.36",Local Machine
2024-09-08T11:11:19.223Z,127.0.0.1,http://localhost:3000/,"Mozilla/5.0 (Windows NT 10.0; Win64; x64) AppleWebKit/537.36 (KHTML, like Gecko) Chrome/128.0.0.0 Safari/537.36",Local Machine
2024-09-08T11:11:19.241Z,127.0.0.1,http://localhost:3000/,"Mozilla/5.0 (Windows NT 10.0; Win64; x64) AppleWebKit/537.36 (KHTML, like Gecko) Chrome/128.0.0.0 Safari/537.36",Local Machine
2024-09-08T11:11:19.326Z,127.0.0.1,http://localhost:3000/,"Mozilla/5.0 (Windows NT 10.0; Win64; x64) AppleWebKit/537.36 (KHTML, like Gecko) Chrome/128.0.0.0 Safari/537.36",Local Machine
2024-09-09T11:38:20.001Z,127.0.0.1,N/A,"Mozilla/5.0 (Windows NT 10.0; Win64; x64) AppleWebKit/537.36 (KHTML, like Gecko) Chrome/128.0.0.0 Safari/537.36",Local Machine
2024-09-09T11:38:20.061Z,127.0.0.1,http://localhost:3000/,"Mozilla/5.0 (Windows NT 10.0; Win64; x64) AppleWebKit/537.36 (KHTML, like Gecko) Chrome/128.0.0.0 Safari/537.36",Local Machine
2024-09-09T11:38:20.065Z,127.0.0.1,http://localhost:3000/,"Mozilla/5.0 (Windows NT 10.0; Win64; x64) AppleWebKit/537.36 (KHTML, like Gecko) Chrome/128.0.0.0 Safari/537.36",Local Machine
2024-09-09T11:38:20.079Z,127.0.0.1,http://localhost:3000/,"Mozilla/5.0 (Windows NT 10.0; Win64; x64) AppleWebKit/537.36 (KHTML, like Gecko) Chrome/128.0.0.0 Safari/537.36",Local Machine
2024-09-09T11:38:20.129Z,127.0.0.1,http://localhost:3000/,"Mozilla/5.0 (Windows NT 10.0; Win64; x64) AppleWebKit/537.36 (KHTML, like Gecko) Chrome/128.0.0.0 Safari/537.36",Local Machine
2024-09-09T11:38:20.188Z,127.0.0.1,http://localhost:3000/,"Mozilla/5.0 (Windows NT 10.0; Win64; x64) AppleWebKit/537.36 (KHTML, like Gecko) Chrome/128.0.0.0 Safari/537.36",Local Machine
2024-09-09T11:38:20.255Z,127.0.0.1,http://localhost:3000/,"Mozilla/5.0 (Windows NT 10.0; Win64; x64) AppleWebKit/537.36 (KHTML, like Gecko) Chrome/128.0.0.0 Safari/537.36",Local Machine
2024-09-09T11:41:28.521Z,127.0.0.1,N/A,"Mozilla/5.0 (Windows NT 10.0; Win64; x64) AppleWebKit/537.36 (KHTML, like Gecko) Chrome/128.0.0.0 Safari/537.36",Local Machine
2024-09-09T11:41:28.577Z,127.0.0.1,http://localhost:3000/,"Mozilla/5.0 (Windows NT 10.0; Win64; x64) AppleWebKit/537.36 (KHTML, like Gecko) Chrome/128.0.0.0 Safari/537.36",Local Machine
2024-09-09T11:41:28.582Z,127.0.0.1,http://localhost:3000/,"Mozilla/5.0 (Windows NT 10.0; Win64; x64) AppleWebKit/537.36 (KHTML, like Gecko) Chrome/128.0.0.0 Safari/537.36",Local Machine
2024-09-09T11:41:28.592Z,127.0.0.1,http://localhost:3000/,"Mozilla/5.0 (Windows NT 10.0; Win64; x64) AppleWebKit/537.36 (KHTML, like Gecko) Chrome/128.0.0.0 Safari/537.36",Local Machine
2024-09-09T11:41:28.718Z,127.0.0.1,http://localhost:3000/,"Mozilla/5.0 (Windows NT 10.0; Win64; x64) AppleWebKit/537.36 (KHTML, like Gecko) Chrome/128.0.0.0 Safari/537.36",Local Machine
2024-09-09T11:41:28.793Z,127.0.0.1,http://localhost:3000/,"Mozilla/5.0 (Windows NT 10.0; Win64; x64) AppleWebKit/537.36 (KHTML, like Gecko) Chrome/128.0.0.0 Safari/537.36",Local Machine
2024-09-09T11:44:15.650Z,127.0.0.1,N/A,"Mozilla/5.0 (Windows NT 10.0; Win64; x64) AppleWebKit/537.36 (KHTML, like Gecko) Chrome/128.0.0.0 Safari/537.36",Local Machine
2024-09-09T11:44:15.692Z,127.0.0.1,http://localhost:3000/,"Mozilla/5.0 (Windows NT 10.0; Win64; x64) AppleWebKit/537.36 (KHTML, like Gecko) Chrome/128.0.0.0 Safari/537.36",Local Machine
2024-09-09T11:44:15.696Z,127.0.0.1,http://localhost:3000/,"Mozilla/5.0 (Windows NT 10.0; Win64; x64) AppleWebKit/537.36 (KHTML, like Gecko) Chrome/128.0.0.0 Safari/537.36",Local Machine
2024-09-09T11:44:15.713Z,127.0.0.1,http://localhost:3000/,"Mozilla/5.0 (Windows NT 10.0; Win64; x64) AppleWebKit/537.36 (KHTML, like Gecko) Chrome/128.0.0.0 Safari/537.36",Local Machine
2024-09-09T11:44:15.767Z,127.0.0.1,http://localhost:3000/,"Mozilla/5.0 (Windows NT 10.0; Win64; x64) AppleWebKit/537.36 (KHTML, like Gecko) Chrome/128.0.0.0 Safari/537.36",Local Machine
2024-09-09T11:44:15.888Z,127.0.0.1,http://localhost:3000/,"Mozilla/5.0 (Windows NT 10.0; Win64; x64) AppleWebKit/537.36 (KHTML, like Gecko) Chrome/128.0.0.0 Safari/537.36",Local Machine
2024-09-09T11:44:53.014Z,127.0.0.1,N/A,"Mozilla/5.0 (Windows NT 10.0; Win64; x64) AppleWebKit/537.36 (KHTML, like Gecko) Chrome/128.0.0.0 Safari/537.36",Local Machine
2024-09-09T11:44:53.040Z,127.0.0.1,http://localhost:3000/,"Mozilla/5.0 (Windows NT 10.0; Win64; x64) AppleWebKit/537.36 (KHTML, like Gecko) Chrome/128.0.0.0 Safari/537.36",Local Machine
2024-09-09T11:44:53.042Z,127.0.0.1,http://localhost:3000/,"Mozilla/5.0 (Windows NT 10.0; Win64; x64) AppleWebKit/537.36 (KHTML, like Gecko) Chrome/128.0.0.0 Safari/537.36",Local Machine
2024-09-09T11:44:53.059Z,127.0.0.1,http://localhost:3000/,"Mozilla/5.0 (Windows NT 10.0; Win64; x64) AppleWebKit/537.36 (KHTML, like Gecko) Chrome/128.0.0.0 Safari/537.36",Local Machine
2024-09-09T11:44:53.118Z,127.0.0.1,http://localhost:3000/,"Mozilla/5.0 (Windows NT 10.0; Win64; x64) AppleWebKit/537.36 (KHTML, like Gecko) Chrome/128.0.0.0 Safari/537.36",Local Machine
2024-09-09T11:44:53.180Z,127.0.0.1,http://localhost:3000/,"Mozilla/5.0 (Windows NT 10.0; Win64; x64) AppleWebKit/537.36 (KHTML, like Gecko) Chrome/128.0.0.0 Safari/537.36",Local Machine
2024-09-09T11:58:25.669Z,127.0.0.1,N/A,"Mozilla/5.0 (Windows NT 10.0; Win64; x64) AppleWebKit/537.36 (KHTML, like Gecko) Chrome/128.0.0.0 Safari/537.36",Local Machine
2024-09-09T11:58:25.728Z,127.0.0.1,http://localhost:3000/,"Mozilla/5.0 (Windows NT 10.0; Win64; x64) AppleWebKit/537.36 (KHTML, like Gecko) Chrome/128.0.0.0 Safari/537.36",Local Machine
2024-09-09T11:58:25.730Z,127.0.0.1,http://localhost:3000/,"Mozilla/5.0 (Windows NT 10.0; Win64; x64) AppleWebKit/537.36 (KHTML, like Gecko) Chrome/128.0.0.0 Safari/537.36",Local Machine
2024-09-09T11:58:25.746Z,127.0.0.1,http://localhost:3000/,"Mozilla/5.0 (Windows NT 10.0; Win64; x64) AppleWebKit/537.36 (KHTML, like Gecko) Chrome/128.0.0.0 Safari/537.36",Local Machine
2024-09-09T11:58:25.820Z,127.0.0.1,http://localhost:3000/,"Mozilla/5.0 (Windows NT 10.0; Win64; x64) AppleWebKit/537.36 (KHTML, like Gecko) Chrome/128.0.0.0 Safari/537.36",Local Machine
2024-09-09T11:58:25.887Z,127.0.0.1,http://localhost:3000/,"Mozilla/5.0 (Windows NT 10.0; Win64; x64) AppleWebKit/537.36 (KHTML, like Gecko) Chrome/128.0.0.0 Safari/537.36",Local Machine
2024-09-09T12:01:39.261Z,127.0.0.1,N/A,"Mozilla/5.0 (Windows NT 10.0; Win64; x64) AppleWebKit/537.36 (KHTML, like Gecko) Chrome/128.0.0.0 Safari/537.36",Local Machine
2024-09-09T12:01:39.287Z,127.0.0.1,http://localhost:3000/,"Mozilla/5.0 (Windows NT 10.0; Win64; x64) AppleWebKit/537.36 (KHTML, like Gecko) Chrome/128.0.0.0 Safari/537.36",Local Machine
2024-09-09T12:01:39.288Z,127.0.0.1,http://localhost:3000/,"Mozilla/5.0 (Windows NT 10.0; Win64; x64) AppleWebKit/537.36 (KHTML, like Gecko) Chrome/128.0.0.0 Safari/537.36",Local Machine
2024-09-09T12:01:39.309Z,127.0.0.1,http://localhost:3000/,"Mozilla/5.0 (Windows NT 10.0; Win64; x64) AppleWebKit/537.36 (KHTML, like Gecko) Chrome/128.0.0.0 Safari/537.36",Local Machine
2024-09-09T12:01:39.421Z,127.0.0.1,http://localhost:3000/,"Mozilla/5.0 (Windows NT 10.0; Win64; x64) AppleWebKit/537.36 (KHTML, like Gecko) Chrome/128.0.0.0 Safari/537.36",Local Machine
2024-09-09T12:01:39.466Z,127.0.0.1,http://localhost:3000/,"Mozilla/5.0 (Windows NT 10.0; Win64; x64) AppleWebKit/537.36 (KHTML, like Gecko) Chrome/128.0.0.0 Safari/537.36",Local Machine
2024-09-09T12:04:12.725Z,127.0.0.1,N/A,"Mozilla/5.0 (Windows NT 10.0; Win64; x64) AppleWebKit/537.36 (KHTML, like Gecko) Chrome/128.0.0.0 Safari/537.36",Local Machine
2024-09-09T12:04:12.759Z,127.0.0.1,http://localhost:3000/,"Mozilla/5.0 (Windows NT 10.0; Win64; x64) AppleWebKit/537.36 (KHTML, like Gecko) Chrome/128.0.0.0 Safari/537.36",Local Machine
2024-09-09T12:04:12.761Z,127.0.0.1,http://localhost:3000/,"Mozilla/5.0 (Windows NT 10.0; Win64; x64) AppleWebKit/537.36 (KHTML, like Gecko) Chrome/128.0.0.0 Safari/537.36",Local Machine
2024-09-09T12:04:12.777Z,127.0.0.1,http://localhost:3000/,"Mozilla/5.0 (Windows NT 10.0; Win64; x64) AppleWebKit/537.36 (KHTML, like Gecko) Chrome/128.0.0.0 Safari/537.36",Local Machine
2024-09-09T12:04:12.831Z,127.0.0.1,http://localhost:3000/,"Mozilla/5.0 (Windows NT 10.0; Win64; x64) AppleWebKit/537.36 (KHTML, like Gecko) Chrome/128.0.0.0 Safari/537.36",Local Machine
2024-09-09T12:04:12.912Z,127.0.0.1,http://localhost:3000/,"Mozilla/5.0 (Windows NT 10.0; Win64; x64) AppleWebKit/537.36 (KHTML, like Gecko) Chrome/128.0.0.0 Safari/537.36",Local Machine
2024-09-09T12:06:19.855Z,127.0.0.1,N/A,"Mozilla/5.0 (Windows NT 10.0; Win64; x64) AppleWebKit/537.36 (KHTML, like Gecko) Chrome/128.0.0.0 Safari/537.36",Local Machine
2024-09-09T12:06:19.882Z,127.0.0.1,http://localhost:3000/,"Mozilla/5.0 (Windows NT 10.0; Win64; x64) AppleWebKit/537.36 (KHTML, like Gecko) Chrome/128.0.0.0 Safari/537.36",Local Machine
2024-09-09T12:06:19.908Z,127.0.0.1,http://localhost:3000/,"Mozilla/5.0 (Windows NT 10.0; Win64; x64) AppleWebKit/537.36 (KHTML, like Gecko) Chrome/128.0.0.0 Safari/537.36",Local Machine
2024-09-09T12:06:20.008Z,127.0.0.1,http://localhost:3000/,"Mozilla/5.0 (Windows NT 10.0; Win64; x64) AppleWebKit/537.36 (KHTML, like Gecko) Chrome/128.0.0.0 Safari/537.36",Local Machine
2024-09-09T12:06:20.054Z,127.0.0.1,http://localhost:3000/,"Mozilla/5.0 (Windows NT 10.0; Win64; x64) AppleWebKit/537.36 (KHTML, like Gecko) Chrome/128.0.0.0 Safari/537.36",Local Machine
2024-09-09T12:06:31.095Z,127.0.0.1,N/A,"Mozilla/5.0 (Windows NT 10.0; Win64; x64) AppleWebKit/537.36 (KHTML, like Gecko) Chrome/128.0.0.0 Safari/537.36",Local Machine
2024-09-09T12:06:31.141Z,127.0.0.1,http://localhost:3000/,"Mozilla/5.0 (Windows NT 10.0; Win64; x64) AppleWebKit/537.36 (KHTML, like Gecko) Chrome/128.0.0.0 Safari/537.36",Local Machine
2024-09-09T12:06:31.144Z,127.0.0.1,http://localhost:3000/,"Mozilla/5.0 (Windows NT 10.0; Win64; x64) AppleWebKit/537.36 (KHTML, like Gecko) Chrome/128.0.0.0 Safari/537.36",Local Machine
2024-09-09T12:06:31.155Z,127.0.0.1,http://localhost:3000/,"Mozilla/5.0 (Windows NT 10.0; Win64; x64) AppleWebKit/537.36 (KHTML, like Gecko) Chrome/128.0.0.0 Safari/537.36",Local Machine
2024-09-09T12:06:31.256Z,127.0.0.1,http://localhost:3000/,"Mozilla/5.0 (Windows NT 10.0; Win64; x64) AppleWebKit/537.36 (KHTML, like Gecko) Chrome/128.0.0.0 Safari/537.36",Local Machine
2024-09-09T12:06:31.298Z,127.0.0.1,http://localhost:3000/,"Mozilla/5.0 (Windows NT 10.0; Win64; x64) AppleWebKit/537.36 (KHTML, like Gecko) Chrome/128.0.0.0 Safari/537.36",Local Machine
2024-09-09T12:07:13.902Z,127.0.0.1,N/A,"Mozilla/5.0 (Windows NT 10.0; Win64; x64) AppleWebKit/537.36 (KHTML, like Gecko) Chrome/128.0.0.0 Safari/537.36",Local Machine
2024-09-09T12:07:13.946Z,127.0.0.1,http://localhost:3000/,"Mozilla/5.0 (Windows NT 10.0; Win64; x64) AppleWebKit/537.36 (KHTML, like Gecko) Chrome/128.0.0.0 Safari/537.36",Local Machine
2024-09-09T12:07:13.962Z,127.0.0.1,http://localhost:3000/,"Mozilla/5.0 (Windows NT 10.0; Win64; x64) AppleWebKit/537.36 (KHTML, like Gecko) Chrome/128.0.0.0 Safari/537.36",Local Machine
2024-09-09T12:07:14.052Z,127.0.0.1,http://localhost:3000/,"Mozilla/5.0 (Windows NT 10.0; Win64; x64) AppleWebKit/537.36 (KHTML, like Gecko) Chrome/128.0.0.0 Safari/537.36",Local Machine
2024-09-09T12:07:14.101Z,127.0.0.1,http://localhost:3000/,"Mozilla/5.0 (Windows NT 10.0; Win64; x64) AppleWebKit/537.36 (KHTML, like Gecko) Chrome/128.0.0.0 Safari/537.36",Local Machine
2024-09-09T12:07:35.234Z,127.0.0.1,N/A,"Mozilla/5.0 (Windows NT 10.0; Win64; x64) AppleWebKit/537.36 (KHTML, like Gecko) Chrome/128.0.0.0 Safari/537.36",Local Machine
2024-09-09T12:07:35.277Z,127.0.0.1,http://localhost:3000/,"Mozilla/5.0 (Windows NT 10.0; Win64; x64) AppleWebKit/537.36 (KHTML, like Gecko) Chrome/128.0.0.0 Safari/537.36",Local Machine
2024-09-09T12:07:35.295Z,127.0.0.1,http://localhost:3000/,"Mozilla/5.0 (Windows NT 10.0; Win64; x64) AppleWebKit/537.36 (KHTML, like Gecko) Chrome/128.0.0.0 Safari/537.36",Local Machine
2024-09-09T12:07:35.423Z,127.0.0.1,http://localhost:3000/,"Mozilla/5.0 (Windows NT 10.0; Win64; x64) AppleWebKit/537.36 (KHTML, like Gecko) Chrome/128.0.0.0 Safari/537.36",Local Machine
2024-09-09T12:07:35.463Z,127.0.0.1,http://localhost:3000/,"Mozilla/5.0 (Windows NT 10.0; Win64; x64) AppleWebKit/537.36 (KHTML, like Gecko) Chrome/128.0.0.0 Safari/537.36",Local Machine
2024-09-09T12:07:49.616Z,127.0.0.1,N/A,"Mozilla/5.0 (Windows NT 10.0; Win64; x64) AppleWebKit/537.36 (KHTML, like Gecko) Chrome/128.0.0.0 Safari/537.36",Local Machine
2024-09-09T12:07:49.672Z,127.0.0.1,http://localhost:3000/,"Mozilla/5.0 (Windows NT 10.0; Win64; x64) AppleWebKit/537.36 (KHTML, like Gecko) Chrome/128.0.0.0 Safari/537.36",Local Machine
2024-09-09T12:07:49.691Z,127.0.0.1,http://localhost:3000/,"Mozilla/5.0 (Windows NT 10.0; Win64; x64) AppleWebKit/537.36 (KHTML, like Gecko) Chrome/128.0.0.0 Safari/537.36",Local Machine
2024-09-09T12:07:49.809Z,127.0.0.1,http://localhost:3000/,"Mozilla/5.0 (Windows NT 10.0; Win64; x64) AppleWebKit/537.36 (KHTML, like Gecko) Chrome/128.0.0.0 Safari/537.36",Local Machine
2024-09-09T12:07:49.852Z,127.0.0.1,http://localhost:3000/,"Mozilla/5.0 (Windows NT 10.0; Win64; x64) AppleWebKit/537.36 (KHTML, like Gecko) Chrome/128.0.0.0 Safari/537.36",Local Machine
2024-09-09T12:08:00.182Z,127.0.0.1,N/A,"Mozilla/5.0 (Windows NT 10.0; Win64; x64) AppleWebKit/537.36 (KHTML, like Gecko) Chrome/128.0.0.0 Safari/537.36",Local Machine
2024-09-09T12:08:00.231Z,127.0.0.1,http://localhost:3000/,"Mozilla/5.0 (Windows NT 10.0; Win64; x64) AppleWebKit/537.36 (KHTML, like Gecko) Chrome/128.0.0.0 Safari/537.36",Local Machine
2024-09-09T12:08:00.248Z,127.0.0.1,http://localhost:3000/,"Mozilla/5.0 (Windows NT 10.0; Win64; x64) AppleWebKit/537.36 (KHTML, like Gecko) Chrome/128.0.0.0 Safari/537.36",Local Machine
2024-09-09T12:08:00.301Z,127.0.0.1,http://localhost:3000/,"Mozilla/5.0 (Windows NT 10.0; Win64; x64) AppleWebKit/537.36 (KHTML, like Gecko) Chrome/128.0.0.0 Safari/537.36",Local Machine
2024-09-09T12:08:00.373Z,127.0.0.1,http://localhost:3000/,"Mozilla/5.0 (Windows NT 10.0; Win64; x64) AppleWebKit/537.36 (KHTML, like Gecko) Chrome/128.0.0.0 Safari/537.36",Local Machine
2024-09-09T12:08:09.125Z,127.0.0.1,N/A,"Mozilla/5.0 (Windows NT 10.0; Win64; x64) AppleWebKit/537.36 (KHTML, like Gecko) Chrome/128.0.0.0 Safari/537.36",Local Machine
2024-09-09T12:08:09.165Z,127.0.0.1,http://localhost:3000/,"Mozilla/5.0 (Windows NT 10.0; Win64; x64) AppleWebKit/537.36 (KHTML, like Gecko) Chrome/128.0.0.0 Safari/537.36",Local Machine
2024-09-09T12:08:09.183Z,127.0.0.1,http://localhost:3000/,"Mozilla/5.0 (Windows NT 10.0; Win64; x64) AppleWebKit/537.36 (KHTML, like Gecko) Chrome/128.0.0.0 Safari/537.36",Local Machine
2024-09-09T12:08:09.265Z,127.0.0.1,http://localhost:3000/,"Mozilla/5.0 (Windows NT 10.0; Win64; x64) AppleWebKit/537.36 (KHTML, like Gecko) Chrome/128.0.0.0 Safari/537.36",Local Machine
2024-09-09T12:08:09.310Z,127.0.0.1,http://localhost:3000/,"Mozilla/5.0 (Windows NT 10.0; Win64; x64) AppleWebKit/537.36 (KHTML, like Gecko) Chrome/128.0.0.0 Safari/537.36",Local Machine
2024-09-09T12:08:21.274Z,127.0.0.1,N/A,"Mozilla/5.0 (Windows NT 10.0; Win64; x64) AppleWebKit/537.36 (KHTML, like Gecko) Chrome/128.0.0.0 Safari/537.36",Local Machine
2024-09-09T12:08:21.317Z,127.0.0.1,http://localhost:3000/,"Mozilla/5.0 (Windows NT 10.0; Win64; x64) AppleWebKit/537.36 (KHTML, like Gecko) Chrome/128.0.0.0 Safari/537.36",Local Machine
2024-09-09T12:08:21.329Z,127.0.0.1,http://localhost:3000/,"Mozilla/5.0 (Windows NT 10.0; Win64; x64) AppleWebKit/537.36 (KHTML, like Gecko) Chrome/128.0.0.0 Safari/537.36",Local Machine
2024-09-09T12:08:21.418Z,127.0.0.1,http://localhost:3000/,"Mozilla/5.0 (Windows NT 10.0; Win64; x64) AppleWebKit/537.36 (KHTML, like Gecko) Chrome/128.0.0.0 Safari/537.36",Local Machine
2024-09-09T12:08:21.464Z,127.0.0.1,http://localhost:3000/,"Mozilla/5.0 (Windows NT 10.0; Win64; x64) AppleWebKit/537.36 (KHTML, like Gecko) Chrome/128.0.0.0 Safari/537.36",Local Machine
2024-09-09T12:50:56.398Z,127.0.0.1,N/A,python-requests/2.32.3,Local Machine
2024-09-09T12:55:27.015Z,127.0.0.1,N/A,"Mozilla/5.0 (Windows NT 10.0; Win64; x64) AppleWebKit/537.36 (KHTML, like Gecko) HeadlessChrome/128.0.0.0 Safari/537.36",Local Machine
2024-09-09T12:55:27.029Z,127.0.0.1,http://localhost:3000/,"Mozilla/5.0 (Windows NT 10.0; Win64; x64) AppleWebKit/537.36 (KHTML, like Gecko) HeadlessChrome/128.0.0.0 Safari/537.36",Local Machine
2024-09-09T12:55:27.033Z,127.0.0.1,http://localhost:3000/,"Mozilla/5.0 (Windows NT 10.0; Win64; x64) AppleWebKit/537.36 (KHTML, like Gecko) HeadlessChrome/128.0.0.0 Safari/537.36",Local Machine
2024-09-09T12:55:27.068Z,127.0.0.1,http://localhost:3000/,"Mozilla/5.0 (Windows NT 10.0; Win64; x64) AppleWebKit/537.36 (KHTML, like Gecko) HeadlessChrome/128.0.0.0 Safari/537.36",Local Machine
2024-09-09T12:55:27.090Z,127.0.0.1,http://localhost:3000/,"Mozilla/5.0 (Windows NT 10.0; Win64; x64) AppleWebKit/537.36 (KHTML, like Gecko) HeadlessChrome/128.0.0.0 Safari/537.36",Local Machine
2024-09-09T12:55:27.244Z,127.0.0.1,http://localhost:3000/,"Mozilla/5.0 (Windows NT 10.0; Win64; x64) AppleWebKit/537.36 (KHTML, like Gecko) HeadlessChrome/128.0.0.0 Safari/537.36",Local Machine
2024-09-09T12:56:35.644Z,127.0.0.1,N/A,"Mozilla/5.0 (Windows NT 10.0; Win64; x64) AppleWebKit/537.36 (KHTML, like Gecko) Chrome/128.0.0.0 Safari/537.36",Local Machine
2024-09-09T12:56:35.664Z,127.0.0.1,http://localhost:3000/,"Mozilla/5.0 (Windows NT 10.0; Win64; x64) AppleWebKit/537.36 (KHTML, like Gecko) Chrome/128.0.0.0 Safari/537.36",Local Machine
2024-09-09T12:56:35.667Z,127.0.0.1,http://localhost:3000/,"Mozilla/5.0 (Windows NT 10.0; Win64; x64) AppleWebKit/537.36 (KHTML, like Gecko) Chrome/128.0.0.0 Safari/537.36",Local Machine
2024-09-09T12:56:35.795Z,127.0.0.1,http://localhost:3000/,"Mozilla/5.0 (Windows NT 10.0; Win64; x64) AppleWebKit/537.36 (KHTML, like Gecko) Chrome/128.0.0.0 Safari/537.36",Local Machine
2024-09-09T12:56:35.851Z,127.0.0.1,http://localhost:3000/,"Mozilla/5.0 (Windows NT 10.0; Win64; x64) AppleWebKit/537.36 (KHTML, like Gecko) Chrome/128.0.0.0 Safari/537.36",Local Machine
2024-09-09T12:56:35.981Z,127.0.0.1,http://localhost:3000/,"Mozilla/5.0 (Windows NT 10.0; Win64; x64) AppleWebKit/537.36 (KHTML, like Gecko) Chrome/128.0.0.0 Safari/537.36",Local Machine
2024-09-09T12:59:16.360Z,127.0.0.1,N/A,"Mozilla/5.0 (Windows NT 10.0; Win64; x64) AppleWebKit/537.36 (KHTML, like Gecko) Chrome/128.0.0.0 Safari/537.36",Local Machine
2024-09-09T12:59:16.376Z,127.0.0.1,http://localhost:3000/,"Mozilla/5.0 (Windows NT 10.0; Win64; x64) AppleWebKit/537.36 (KHTML, like Gecko) Chrome/128.0.0.0 Safari/537.36",Local Machine
2024-09-09T12:59:16.378Z,127.0.0.1,http://localhost:3000/,"Mozilla/5.0 (Windows NT 10.0; Win64; x64) AppleWebKit/537.36 (KHTML, like Gecko) Chrome/128.0.0.0 Safari/537.36",Local Machine
2024-09-09T12:59:16.392Z,127.0.0.1,http://localhost:3000/,"Mozilla/5.0 (Windows NT 10.0; Win64; x64) AppleWebKit/537.36 (KHTML, like Gecko) Chrome/128.0.0.0 Safari/537.36",Local Machine
2024-09-09T12:59:16.567Z,127.0.0.1,http://localhost:3000/,"Mozilla/5.0 (Windows NT 10.0; Win64; x64) AppleWebKit/537.36 (KHTML, like Gecko) Chrome/128.0.0.0 Safari/537.36",Local Machine
2024-09-09T12:59:16.627Z,127.0.0.1,http://localhost:3000/,"Mozilla/5.0 (Windows NT 10.0; Win64; x64) AppleWebKit/537.36 (KHTML, like Gecko) Chrome/128.0.0.0 Safari/537.36",Local Machine
2024-09-09T13:00:34.105Z,127.0.0.1,N/A,"Mozilla/5.0 (Windows NT 10.0; Win64; x64) AppleWebKit/537.36 (KHTML, like Gecko) Chrome/128.0.0.0 Safari/537.36",Local Machine
2024-09-09T13:00:34.126Z,127.0.0.1,http://localhost:3000/,"Mozilla/5.0 (Windows NT 10.0; Win64; x64) AppleWebKit/537.36 (KHTML, like Gecko) Chrome/128.0.0.0 Safari/537.36",Local Machine
2024-09-09T13:00:34.131Z,127.0.0.1,http://localhost:3000/,"Mozilla/5.0 (Windows NT 10.0; Win64; x64) AppleWebKit/537.36 (KHTML, like Gecko) Chrome/128.0.0.0 Safari/537.36",Local Machine
2024-09-09T13:00:34.161Z,127.0.0.1,http://localhost:3000/,"Mozilla/5.0 (Windows NT 10.0; Win64; x64) AppleWebKit/537.36 (KHTML, like Gecko) Chrome/128.0.0.0 Safari/537.36",Local Machine
2024-09-09T13:00:34.174Z,127.0.0.1,http://localhost:3000/,"Mozilla/5.0 (Windows NT 10.0; Win64; x64) AppleWebKit/537.36 (KHTML, like Gecko) Chrome/128.0.0.0 Safari/537.36",Local Machine
2024-09-09T13:00:34.332Z,127.0.0.1,http://localhost:3000/,"Mozilla/5.0 (Windows NT 10.0; Win64; x64) AppleWebKit/537.36 (KHTML, like Gecko) Chrome/128.0.0.0 Safari/537.36",Local Machine
2024-09-09T13:04:19.458Z,127.0.0.1,N/A,"Mozilla/5.0 (Windows NT 10.0; Win64; x64) AppleWebKit/537.36 (KHTML, like Gecko) Chrome/128.0.0.0 Safari/537.36",Local Machine
2024-09-09T13:04:19.472Z,127.0.0.1,http://localhost:3000/,"Mozilla/5.0 (Windows NT 10.0; Win64; x64) AppleWebKit/537.36 (KHTML, like Gecko) Chrome/128.0.0.0 Safari/537.36",Local Machine
2024-09-09T13:04:19.474Z,127.0.0.1,http://localhost:3000/,"Mozilla/5.0 (Windows NT 10.0; Win64; x64) AppleWebKit/537.36 (KHTML, like Gecko) Chrome/128.0.0.0 Safari/537.36",Local Machine
2024-09-09T13:04:19.514Z,127.0.0.1,http://localhost:3000/,"Mozilla/5.0 (Windows NT 10.0; Win64; x64) AppleWebKit/537.36 (KHTML, like Gecko) Chrome/128.0.0.0 Safari/537.36",Local Machine
2024-09-09T13:04:19.524Z,127.0.0.1,http://localhost:3000/,"Mozilla/5.0 (Windows NT 10.0; Win64; x64) AppleWebKit/537.36 (KHTML, like Gecko) Chrome/128.0.0.0 Safari/537.36",Local Machine
2024-09-09T13:04:19.694Z,127.0.0.1,http://localhost:3000/,"Mozilla/5.0 (Windows NT 10.0; Win64; x64) AppleWebKit/537.36 (KHTML, like Gecko) Chrome/128.0.0.0 Safari/537.36",Local Machine
2024-09-09T13:06:42.565Z,127.0.0.1,N/A,"Mozilla/5.0 (Windows NT 10.0; Win64; x64) AppleWebKit/537.36 (KHTML, like Gecko) Chrome/128.0.0.0 Safari/537.36",Local Machine
2024-09-09T13:06:42.587Z,127.0.0.1,http://localhost:3000/,"Mozilla/5.0 (Windows NT 10.0; Win64; x64) AppleWebKit/537.36 (KHTML, like Gecko) Chrome/128.0.0.0 Safari/537.36",Local Machine
2024-09-09T13:06:42.590Z,127.0.0.1,http://localhost:3000/,"Mozilla/5.0 (Windows NT 10.0; Win64; x64) AppleWebKit/537.36 (KHTML, like Gecko) Chrome/128.0.0.0 Safari/537.36",Local Machine
2024-09-09T13:06:42.616Z,127.0.0.1,http://localhost:3000/,"Mozilla/5.0 (Windows NT 10.0; Win64; x64) AppleWebKit/537.36 (KHTML, like Gecko) Chrome/128.0.0.0 Safari/537.36",Local Machine
2024-09-09T13:06:42.707Z,127.0.0.1,http://localhost:3000/,"Mozilla/5.0 (Windows NT 10.0; Win64; x64) AppleWebKit/537.36 (KHTML, like Gecko) Chrome/128.0.0.0 Safari/537.36",Local Machine
2024-09-09T13:06:42.782Z,127.0.0.1,http://localhost:3000/,"Mozilla/5.0 (Windows NT 10.0; Win64; x64) AppleWebKit/537.36 (KHTML, like Gecko) Chrome/128.0.0.0 Safari/537.36",Local Machine
2024-09-09T13:08:51.464Z,127.0.0.1,N/A,"Mozilla/5.0 (Windows NT 10.0; Win64; x64) AppleWebKit/537.36 (KHTML, like Gecko) Chrome/128.0.0.0 Safari/537.36",Local Machine
2024-09-09T13:08:51.480Z,127.0.0.1,http://localhost:3000/,"Mozilla/5.0 (Windows NT 10.0; Win64; x64) AppleWebKit/537.36 (KHTML, like Gecko) Chrome/128.0.0.0 Safari/537.36",Local Machine
2024-09-09T13:08:51.483Z,127.0.0.1,http://localhost:3000/,"Mozilla/5.0 (Windows NT 10.0; Win64; x64) AppleWebKit/537.36 (KHTML, like Gecko) Chrome/128.0.0.0 Safari/537.36",Local Machine
2024-09-09T13:08:51.529Z,127.0.0.1,http://localhost:3000/,"Mozilla/5.0 (Windows NT 10.0; Win64; x64) AppleWebKit/537.36 (KHTML, like Gecko) Chrome/128.0.0.0 Safari/537.36",Local Machine
2024-09-09T13:08:51.697Z,127.0.0.1,http://localhost:3000/,"Mozilla/5.0 (Windows NT 10.0; Win64; x64) AppleWebKit/537.36 (KHTML, like Gecko) Chrome/128.0.0.0 Safari/537.36",Local Machine
2024-09-09T13:08:51.751Z,127.0.0.1,http://localhost:3000/,"Mozilla/5.0 (Windows NT 10.0; Win64; x64) AppleWebKit/537.36 (KHTML, like Gecko) Chrome/128.0.0.0 Safari/537.36",Local Machine
2024-09-09T13:10:57.137Z,127.0.0.1,N/A,"Mozilla/5.0 (Windows NT 10.0; Win64; x64) AppleWebKit/537.36 (KHTML, like Gecko) Chrome/128.0.0.0 Safari/537.36",Local Machine
2024-09-09T13:10:57.150Z,127.0.0.1,http://localhost:3000/,"Mozilla/5.0 (Windows NT 10.0; Win64; x64) AppleWebKit/537.36 (KHTML, like Gecko) Chrome/128.0.0.0 Safari/537.36",Local Machine
2024-09-09T13:10:57.151Z,127.0.0.1,http://localhost:3000/,"Mozilla/5.0 (Windows NT 10.0; Win64; x64) AppleWebKit/537.36 (KHTML, like Gecko) Chrome/128.0.0.0 Safari/537.36",Local Machine
2024-09-09T13:10:57.193Z,127.0.0.1,http://localhost:3000/,"Mozilla/5.0 (Windows NT 10.0; Win64; x64) AppleWebKit/537.36 (KHTML, like Gecko) Chrome/128.0.0.0 Safari/537.36",Local Machine
2024-09-09T13:10:57.202Z,127.0.0.1,http://localhost:3000/,"Mozilla/5.0 (Windows NT 10.0; Win64; x64) AppleWebKit/537.36 (KHTML, like Gecko) Chrome/128.0.0.0 Safari/537.36",Local Machine
2024-09-09T13:10:57.347Z,127.0.0.1,http://localhost:3000/,"Mozilla/5.0 (Windows NT 10.0; Win64; x64) AppleWebKit/537.36 (KHTML, like Gecko) Chrome/128.0.0.0 Safari/537.36",Local Machine
2024-09-09T13:12:36.081Z,127.0.0.1,N/A,"Mozilla/5.0 (Windows NT 10.0; Win64; x64) AppleWebKit/537.36 (KHTML, like Gecko) Chrome/128.0.0.0 Safari/537.36",Local Machine
2024-09-09T13:12:36.103Z,127.0.0.1,http://localhost:3000/,"Mozilla/5.0 (Windows NT 10.0; Win64; x64) AppleWebKit/537.36 (KHTML, like Gecko) Chrome/128.0.0.0 Safari/537.36",Local Machine
2024-09-09T13:12:36.105Z,127.0.0.1,http://localhost:3000/,"Mozilla/5.0 (Windows NT 10.0; Win64; x64) AppleWebKit/537.36 (KHTML, like Gecko) Chrome/128.0.0.0 Safari/537.36",Local Machine
2024-09-09T13:12:36.170Z,127.0.0.1,http://localhost:3000/,"Mozilla/5.0 (Windows NT 10.0; Win64; x64) AppleWebKit/537.36 (KHTML, like Gecko) Chrome/128.0.0.0 Safari/537.36",Local Machine
2024-09-09T13:12:36.173Z,127.0.0.1,http://localhost:3000/,"Mozilla/5.0 (Windows NT 10.0; Win64; x64) AppleWebKit/537.36 (KHTML, like Gecko) Chrome/128.0.0.0 Safari/537.36",Local Machine
2024-09-09T13:12:36.250Z,127.0.0.1,http://localhost:3000/,"Mozilla/5.0 (Windows NT 10.0; Win64; x64) AppleWebKit/537.36 (KHTML, like Gecko) Chrome/128.0.0.0 Safari/537.36",Local Machine
2024-09-09T13:14:42.663Z,127.0.0.1,N/A,"Mozilla/5.0 (Windows NT 10.0; Win64; x64) AppleWebKit/537.36 (KHTML, like Gecko) Chrome/128.0.0.0 Safari/537.36",Local Machine
2024-09-09T13:14:42.676Z,127.0.0.1,http://localhost:3000/,"Mozilla/5.0 (Windows NT 10.0; Win64; x64) AppleWebKit/537.36 (KHTML, like Gecko) Chrome/128.0.0.0 Safari/537.36",Local Machine
2024-09-09T13:14:42.678Z,127.0.0.1,http://localhost:3000/,"Mozilla/5.0 (Windows NT 10.0; Win64; x64) AppleWebKit/537.36 (KHTML, like Gecko) Chrome/128.0.0.0 Safari/537.36",Local Machine
2024-09-09T13:14:42.727Z,127.0.0.1,http://localhost:3000/,"Mozilla/5.0 (Windows NT 10.0; Win64; x64) AppleWebKit/537.36 (KHTML, like Gecko) Chrome/128.0.0.0 Safari/537.36",Local Machine
2024-09-09T13:14:42.733Z,127.0.0.1,http://localhost:3000/,"Mozilla/5.0 (Windows NT 10.0; Win64; x64) AppleWebKit/537.36 (KHTML, like Gecko) Chrome/128.0.0.0 Safari/537.36",Local Machine
2024-09-09T13:14:42.897Z,127.0.0.1,http://localhost:3000/,"Mozilla/5.0 (Windows NT 10.0; Win64; x64) AppleWebKit/537.36 (KHTML, like Gecko) Chrome/128.0.0.0 Safari/537.36",Local Machine
2024-09-17T09:03:48.328Z,127.0.0.1,N/A,"Mozilla/5.0 (Windows NT 10.0; Win64; x64) AppleWebKit/537.36 (KHTML, like Gecko) Chrome/128.0.0.0 Safari/537.36",Local Machine
2024-09-17T09:03:48.432Z,127.0.0.1,http://localhost:3000/,"Mozilla/5.0 (Windows NT 10.0; Win64; x64) AppleWebKit/537.36 (KHTML, like Gecko) Chrome/128.0.0.0 Safari/537.36",Local Machine
2024-09-17T09:03:48.452Z,127.0.0.1,http://localhost:3000/,"Mozilla/5.0 (Windows NT 10.0; Win64; x64) AppleWebKit/537.36 (KHTML, like Gecko) Chrome/128.0.0.0 Safari/537.36",Local Machine
2024-09-17T09:03:48.490Z,127.0.0.1,http://localhost:3000/,"Mozilla/5.0 (Windows NT 10.0; Win64; x64) AppleWebKit/537.36 (KHTML, like Gecko) Chrome/128.0.0.0 Safari/537.36",Local Machine
2024-09-17T09:03:48.515Z,127.0.0.1,http://localhost:3000/,"Mozilla/5.0 (Windows NT 10.0; Win64; x64) AppleWebKit/537.36 (KHTML, like Gecko) Chrome/128.0.0.0 Safari/537.36",Local Machine
2024-09-17T09:03:48.591Z,127.0.0.1,http://localhost:3000/,"Mozilla/5.0 (Windows NT 10.0; Win64; x64) AppleWebKit/537.36 (KHTML, like Gecko) Chrome/128.0.0.0 Safari/537.36",Local Machine
2024-09-18T06:48:04.806Z,127.0.0.1,N/A,"Mozilla/5.0 (Windows NT 10.0; Win64; x64) AppleWebKit/537.36 (KHTML, like Gecko) Chrome/128.0.0.0 Safari/537.36",Local Machine
2024-09-18T06:48:04.908Z,127.0.0.1,http://localhost:3000/,"Mozilla/5.0 (Windows NT 10.0; Win64; x64) AppleWebKit/537.36 (KHTML, like Gecko) Chrome/128.0.0.0 Safari/537.36",Local Machine
2024-09-18T06:48:04.955Z,127.0.0.1,http://localhost:3000/,"Mozilla/5.0 (Windows NT 10.0; Win64; x64) AppleWebKit/537.36 (KHTML, like Gecko) Chrome/128.0.0.0 Safari/537.36",Local Machine
2024-09-18T06:48:05.128Z,127.0.0.1,http://localhost:3000/,"Mozilla/5.0 (Windows NT 10.0; Win64; x64) AppleWebKit/537.36 (KHTML, like Gecko) Chrome/128.0.0.0 Safari/537.36",Local Machine
2024-09-18T06:48:05.181Z,127.0.0.1,http://localhost:3000/,"Mozilla/5.0 (Windows NT 10.0; Win64; x64) AppleWebKit/537.36 (KHTML, like Gecko) Chrome/128.0.0.0 Safari/537.36",Local Machine
2024-09-18T06:48:05.295Z,127.0.0.1,http://localhost:3000/,"Mozilla/5.0 (Windows NT 10.0; Win64; x64) AppleWebKit/537.36 (KHTML, like Gecko) Chrome/128.0.0.0 Safari/537.36",Local Machine
2024-09-18T10:44:22.097Z,127.0.0.1,N/A,"Mozilla/5.0 (Windows NT 10.0; Win64; x64) AppleWebKit/537.36 (KHTML, like Gecko) Chrome/128.0.0.0 Safari/537.36",Local Machine
2024-09-18T10:44:22.149Z,127.0.0.1,http://localhost:3000/,"Mozilla/5.0 (Windows NT 10.0; Win64; x64) AppleWebKit/537.36 (KHTML, like Gecko) Chrome/128.0.0.0 Safari/537.36",Local Machine
2024-09-18T10:44:22.164Z,127.0.0.1,http://localhost:3000/,"Mozilla/5.0 (Windows NT 10.0; Win64; x64) AppleWebKit/537.36 (KHTML, like Gecko) Chrome/128.0.0.0 Safari/537.36",Local Machine
2024-09-18T10:44:22.227Z,127.0.0.1,http://localhost:3000/,"Mozilla/5.0 (Windows NT 10.0; Win64; x64) AppleWebKit/537.36 (KHTML, like Gecko) Chrome/128.0.0.0 Safari/537.36",Local Machine
2024-09-18T10:44:22.316Z,127.0.0.1,http://localhost:3000/,"Mozilla/5.0 (Windows NT 10.0; Win64; x64) AppleWebKit/537.36 (KHTML, like Gecko) Chrome/128.0.0.0 Safari/537.36",Local Machine
2024-09-18T15:15:55.100Z,127.0.0.1,http://localhost:3000/,"Mozilla/5.0 (Windows NT 10.0; Win64; x64) AppleWebKit/537.36 (KHTML, like Gecko) Chrome/128.0.0.0 Safari/537.36",Local Machine
2024-09-18T15:15:55.141Z,127.0.0.1,http://localhost:3000/,"Mozilla/5.0 (Windows NT 10.0; Win64; x64) AppleWebKit/537.36 (KHTML, like Gecko) Chrome/128.0.0.0 Safari/537.36",Local Machine
2024-09-18T15:15:55.153Z,127.0.0.1,http://localhost:3000/,"Mozilla/5.0 (Windows NT 10.0; Win64; x64) AppleWebKit/537.36 (KHTML, like Gecko) Chrome/128.0.0.0 Safari/537.36",Local Machine
2024-09-18T15:15:55.197Z,127.0.0.1,http://localhost:3000/,"Mozilla/5.0 (Windows NT 10.0; Win64; x64) AppleWebKit/537.36 (KHTML, like Gecko) Chrome/128.0.0.0 Safari/537.36",Local Machine
2024-09-19T16:56:23.086Z,127.0.0.1,N/A,"Mozilla/5.0 (Windows NT 10.0; Win64; x64) AppleWebKit/537.36 (KHTML, like Gecko) Chrome/128.0.0.0 Safari/537.36",Local Machine
2024-09-19T16:56:23.195Z,127.0.0.1,http://localhost:3000/,"Mozilla/5.0 (Windows NT 10.0; Win64; x64) AppleWebKit/537.36 (KHTML, like Gecko) Chrome/128.0.0.0 Safari/537.36",Local Machine
2024-09-19T16:56:23.219Z,127.0.0.1,http://localhost:3000/,"Mozilla/5.0 (Windows NT 10.0; Win64; x64) AppleWebKit/537.36 (KHTML, like Gecko) Chrome/128.0.0.0 Safari/537.36",Local Machine
2024-09-19T16:56:23.268Z,127.0.0.1,http://localhost:3000/,"Mozilla/5.0 (Windows NT 10.0; Win64; x64) AppleWebKit/537.36 (KHTML, like Gecko) Chrome/128.0.0.0 Safari/537.36",Local Machine
2024-09-19T16:56:23.410Z,127.0.0.1,http://localhost:3000/,"Mozilla/5.0 (Windows NT 10.0; Win64; x64) AppleWebKit/537.36 (KHTML, like Gecko) Chrome/128.0.0.0 Safari/537.36",Local Machine
2024-09-19T16:56:23.521Z,127.0.0.1,http://localhost:3000/,"Mozilla/5.0 (Windows NT 10.0; Win64; x64) AppleWebKit/537.36 (KHTML, like Gecko) Chrome/128.0.0.0 Safari/537.36",Local Machine
2024-09-19T17:01:11.074Z,127.0.0.1,N/A,"Mozilla/5.0 (Windows NT 10.0; Win64; x64) AppleWebKit/537.36 (KHTML, like Gecko) Chrome/128.0.0.0 Safari/537.36",Local Machine
2024-09-19T17:01:11.163Z,127.0.0.1,http://localhost:3000/,"Mozilla/5.0 (Windows NT 10.0; Win64; x64) AppleWebKit/537.36 (KHTML, like Gecko) Chrome/128.0.0.0 Safari/537.36",Local Machine
2024-09-19T17:01:27.153Z,127.0.0.1,N/A,"Mozilla/5.0 (Windows NT 10.0; Win64; x64) AppleWebKit/537.36 (KHTML, like Gecko) Chrome/128.0.0.0 Safari/537.36",Local Machine
2024-09-19T17:01:27.193Z,127.0.0.1,http://localhost:3000/,"Mozilla/5.0 (Windows NT 10.0; Win64; x64) AppleWebKit/537.36 (KHTML, like Gecko) Chrome/128.0.0.0 Safari/537.36",Local Machine
2024-09-19T17:04:12.699Z,127.0.0.1,N/A,"Mozilla/5.0 (Windows NT 10.0; Win64; x64) AppleWebKit/537.36 (KHTML, like Gecko) Chrome/128.0.0.0 Safari/537.36",Local Machine
2024-09-19T17:04:12.746Z,127.0.0.1,http://localhost:3000/,"Mozilla/5.0 (Windows NT 10.0; Win64; x64) AppleWebKit/537.36 (KHTML, like Gecko) Chrome/128.0.0.0 Safari/537.36",Local Machine
2024-09-19T17:05:55.997Z,127.0.0.1,N/A,"Mozilla/5.0 (Windows NT 10.0; Win64; x64) AppleWebKit/537.36 (KHTML, like Gecko) Chrome/128.0.0.0 Safari/537.36",Local Machine
2024-09-19T17:05:56.077Z,127.0.0.1,http://localhost:3000/,"Mozilla/5.0 (Windows NT 10.0; Win64; x64) AppleWebKit/537.36 (KHTML, like Gecko) Chrome/128.0.0.0 Safari/537.36",Local Machine
2024-09-19T17:11:57.918Z,127.0.0.1,N/A,"Mozilla/5.0 (Windows NT 10.0; Win64; x64) AppleWebKit/537.36 (KHTML, like Gecko) Chrome/128.0.0.0 Safari/537.36",Local Machine
2024-09-19T17:11:57.975Z,127.0.0.1,http://localhost:3000/,"Mozilla/5.0 (Windows NT 10.0; Win64; x64) AppleWebKit/537.36 (KHTML, like Gecko) Chrome/128.0.0.0 Safari/537.36",Local Machine
2024-09-19T17:11:57.992Z,127.0.0.1,http://localhost:3000/,"Mozilla/5.0 (Windows NT 10.0; Win64; x64) AppleWebKit/537.36 (KHTML, like Gecko) Chrome/128.0.0.0 Safari/537.36",Local Machine
2024-09-19T17:11:58.096Z,127.0.0.1,http://localhost:3000/,"Mozilla/5.0 (Windows NT 10.0; Win64; x64) AppleWebKit/537.36 (KHTML, like Gecko) Chrome/128.0.0.0 Safari/537.36",Local Machine
2024-09-19T17:11:58.234Z,127.0.0.1,http://localhost:3000/,"Mozilla/5.0 (Windows NT 10.0; Win64; x64) AppleWebKit/537.36 (KHTML, like Gecko) Chrome/128.0.0.0 Safari/537.36",Local Machine
2024-09-19T17:13:04.637Z,127.0.0.1,N/A,"Mozilla/5.0 (Windows NT 10.0; Win64; x64) AppleWebKit/537.36 (KHTML, like Gecko) Chrome/128.0.0.0 Safari/537.36",Local Machine
2024-09-19T17:13:04.687Z,127.0.0.1,http://localhost:3000/,"Mozilla/5.0 (Windows NT 10.0; Win64; x64) AppleWebKit/537.36 (KHTML, like Gecko) Chrome/128.0.0.0 Safari/537.36",Local Machine
2024-09-19T17:13:04.702Z,127.0.0.1,http://localhost:3000/,"Mozilla/5.0 (Windows NT 10.0; Win64; x64) AppleWebKit/537.36 (KHTML, like Gecko) Chrome/128.0.0.0 Safari/537.36",Local Machine
2024-09-19T17:13:04.792Z,127.0.0.1,http://localhost:3000/,"Mozilla/5.0 (Windows NT 10.0; Win64; x64) AppleWebKit/537.36 (KHTML, like Gecko) Chrome/128.0.0.0 Safari/537.36",Local Machine
2024-09-19T17:13:04.933Z,127.0.0.1,http://localhost:3000/,"Mozilla/5.0 (Windows NT 10.0; Win64; x64) AppleWebKit/537.36 (KHTML, like Gecko) Chrome/128.0.0.0 Safari/537.36",Local Machine
2024-09-19T17:15:16.685Z,127.0.0.1,N/A,"Mozilla/5.0 (Windows NT 10.0; Win64; x64) AppleWebKit/537.36 (KHTML, like Gecko) Chrome/128.0.0.0 Safari/537.36",Local Machine
2024-09-19T17:15:16.741Z,127.0.0.1,http://localhost:3000/,"Mozilla/5.0 (Windows NT 10.0; Win64; x64) AppleWebKit/537.36 (KHTML, like Gecko) Chrome/128.0.0.0 Safari/537.36",Local Machine
2024-09-19T17:17:58.179Z,127.0.0.1,N/A,"Mozilla/5.0 (Windows NT 10.0; Win64; x64) AppleWebKit/537.36 (KHTML, like Gecko) Chrome/128.0.0.0 Safari/537.36",Local Machine
2024-09-19T17:17:58.233Z,127.0.0.1,http://localhost:3000/,"Mozilla/5.0 (Windows NT 10.0; Win64; x64) AppleWebKit/537.36 (KHTML, like Gecko) Chrome/128.0.0.0 Safari/537.36",Local Machine
2024-09-19T17:20:32.079Z,127.0.0.1,N/A,"Mozilla/5.0 (Windows NT 10.0; Win64; x64) AppleWebKit/537.36 (KHTML, like Gecko) Chrome/128.0.0.0 Safari/537.36",Local Machine
2024-09-19T17:20:32.133Z,127.0.0.1,http://localhost:3000/,"Mozilla/5.0 (Windows NT 10.0; Win64; x64) AppleWebKit/537.36 (KHTML, like Gecko) Chrome/128.0.0.0 Safari/537.36",Local Machine
2024-09-19T17:23:51.425Z,127.0.0.1,N/A,"Mozilla/5.0 (Windows NT 10.0; Win64; x64) AppleWebKit/537.36 (KHTML, like Gecko) Chrome/128.0.0.0 Safari/537.36",Local Machine
2024-09-19T17:23:51.493Z,127.0.0.1,http://localhost:3000/,"Mozilla/5.0 (Windows NT 10.0; Win64; x64) AppleWebKit/537.36 (KHTML, like Gecko) Chrome/128.0.0.0 Safari/537.36",Local Machine
2024-09-19T17:23:51.500Z,127.0.0.1,http://localhost:3000/,"Mozilla/5.0 (Windows NT 10.0; Win64; x64) AppleWebKit/537.36 (KHTML, like Gecko) Chrome/128.0.0.0 Safari/537.36",Local Machine
2024-09-19T17:23:51.572Z,127.0.0.1,http://localhost:3000/,"Mozilla/5.0 (Windows NT 10.0; Win64; x64) AppleWebKit/537.36 (KHTML, like Gecko) Chrome/128.0.0.0 Safari/537.36",Local Machine
2024-09-19T17:23:51.648Z,127.0.0.1,http://localhost:3000/,"Mozilla/5.0 (Windows NT 10.0; Win64; x64) AppleWebKit/537.36 (KHTML, like Gecko) Chrome/128.0.0.0 Safari/537.36",Local Machine
2024-09-19T17:24:05.653Z,127.0.0.1,N/A,"Mozilla/5.0 (Windows NT 10.0; Win64; x64) AppleWebKit/537.36 (KHTML, like Gecko) Chrome/128.0.0.0 Safari/537.36",Local Machine
2024-09-19T17:24:05.676Z,127.0.0.1,http://localhost:3000/,"Mozilla/5.0 (Windows NT 10.0; Win64; x64) AppleWebKit/537.36 (KHTML, like Gecko) Chrome/128.0.0.0 Safari/537.36",Local Machine
2024-09-19T17:24:05.691Z,127.0.0.1,http://localhost:3000/,"Mozilla/5.0 (Windows NT 10.0; Win64; x64) AppleWebKit/537.36 (KHTML, like Gecko) Chrome/128.0.0.0 Safari/537.36",Local Machine
2024-09-19T17:24:05.754Z,127.0.0.1,http://localhost:3000/,"Mozilla/5.0 (Windows NT 10.0; Win64; x64) AppleWebKit/537.36 (KHTML, like Gecko) Chrome/128.0.0.0 Safari/537.36",Local Machine
2024-09-19T17:24:05.829Z,127.0.0.1,http://localhost:3000/,"Mozilla/5.0 (Windows NT 10.0; Win64; x64) AppleWebKit/537.36 (KHTML, like Gecko) Chrome/128.0.0.0 Safari/537.36",Local Machine
2024-09-19T17:27:21.850Z,127.0.0.1,N/A,"Mozilla/5.0 (Windows NT 10.0; Win64; x64) AppleWebKit/537.36 (KHTML, like Gecko) Chrome/128.0.0.0 Safari/537.36",Local Machine
2024-09-19T17:27:21.893Z,127.0.0.1,http://localhost:3000/,"Mozilla/5.0 (Windows NT 10.0; Win64; x64) AppleWebKit/537.36 (KHTML, like Gecko) Chrome/128.0.0.0 Safari/537.36",Local Machine
2024-09-19T17:27:21.903Z,127.0.0.1,http://localhost:3000/,"Mozilla/5.0 (Windows NT 10.0; Win64; x64) AppleWebKit/537.36 (KHTML, like Gecko) Chrome/128.0.0.0 Safari/537.36",Local Machine
2024-09-19T17:27:21.961Z,127.0.0.1,http://localhost:3000/,"Mozilla/5.0 (Windows NT 10.0; Win64; x64) AppleWebKit/537.36 (KHTML, like Gecko) Chrome/128.0.0.0 Safari/537.36",Local Machine
2024-09-19T17:27:22.048Z,127.0.0.1,http://localhost:3000/,"Mozilla/5.0 (Windows NT 10.0; Win64; x64) AppleWebKit/537.36 (KHTML, like Gecko) Chrome/128.0.0.0 Safari/537.36",Local Machine
2024-09-19T17:28:38.239Z,127.0.0.1,N/A,"Mozilla/5.0 (Windows NT 10.0; Win64; x64) AppleWebKit/537.36 (KHTML, like Gecko) Chrome/128.0.0.0 Safari/537.36",Local Machine
2024-09-19T17:28:38.291Z,127.0.0.1,http://localhost:3000/,"Mozilla/5.0 (Windows NT 10.0; Win64; x64) AppleWebKit/537.36 (KHTML, like Gecko) Chrome/128.0.0.0 Safari/537.36",Local Machine
2024-09-19T17:28:38.306Z,127.0.0.1,http://localhost:3000/,"Mozilla/5.0 (Windows NT 10.0; Win64; x64) AppleWebKit/537.36 (KHTML, like Gecko) Chrome/128.0.0.0 Safari/537.36",Local Machine
2024-09-19T17:28:38.363Z,127.0.0.1,http://localhost:3000/,"Mozilla/5.0 (Windows NT 10.0; Win64; x64) AppleWebKit/537.36 (KHTML, like Gecko) Chrome/128.0.0.0 Safari/537.36",Local Machine
2024-09-19T17:28:38.449Z,127.0.0.1,http://localhost:3000/,"Mozilla/5.0 (Windows NT 10.0; Win64; x64) AppleWebKit/537.36 (KHTML, like Gecko) Chrome/128.0.0.0 Safari/537.36",Local Machine
2024-09-19T17:28:53.055Z,127.0.0.1,N/A,"Mozilla/5.0 (Windows NT 10.0; Win64; x64) AppleWebKit/537.36 (KHTML, like Gecko) Chrome/128.0.0.0 Safari/537.36",Local Machine
2024-09-19T17:28:53.096Z,127.0.0.1,http://localhost:3000/,"Mozilla/5.0 (Windows NT 10.0; Win64; x64) AppleWebKit/537.36 (KHTML, like Gecko) Chrome/128.0.0.0 Safari/537.36",Local Machine
2024-09-19T17:28:53.110Z,127.0.0.1,http://localhost:3000/,"Mozilla/5.0 (Windows NT 10.0; Win64; x64) AppleWebKit/537.36 (KHTML, like Gecko) Chrome/128.0.0.0 Safari/537.36",Local Machine
2024-09-19T17:28:53.162Z,127.0.0.1,http://localhost:3000/,"Mozilla/5.0 (Windows NT 10.0; Win64; x64) AppleWebKit/537.36 (KHTML, like Gecko) Chrome/128.0.0.0 Safari/537.36",Local Machine
2024-09-19T17:28:53.246Z,127.0.0.1,http://localhost:3000/,"Mozilla/5.0 (Windows NT 10.0; Win64; x64) AppleWebKit/537.36 (KHTML, like Gecko) Chrome/128.0.0.0 Safari/537.36",Local Machine
2024-09-19T17:29:11.080Z,127.0.0.1,N/A,"Mozilla/5.0 (Windows NT 10.0; Win64; x64) AppleWebKit/537.36 (KHTML, like Gecko) Chrome/128.0.0.0 Safari/537.36",Local Machine
2024-09-19T17:29:11.132Z,127.0.0.1,http://localhost:3000/,"Mozilla/5.0 (Windows NT 10.0; Win64; x64) AppleWebKit/537.36 (KHTML, like Gecko) Chrome/128.0.0.0 Safari/537.36",Local Machine
2024-09-19T17:29:11.150Z,127.0.0.1,http://localhost:3000/,"Mozilla/5.0 (Windows NT 10.0; Win64; x64) AppleWebKit/537.36 (KHTML, like Gecko) Chrome/128.0.0.0 Safari/537.36",Local Machine
2024-09-19T17:29:11.198Z,127.0.0.1,http://localhost:3000/,"Mozilla/5.0 (Windows NT 10.0; Win64; x64) AppleWebKit/537.36 (KHTML, like Gecko) Chrome/128.0.0.0 Safari/537.36",Local Machine
2024-09-19T17:29:11.273Z,127.0.0.1,http://localhost:3000/,"Mozilla/5.0 (Windows NT 10.0; Win64; x64) AppleWebKit/537.36 (KHTML, like Gecko) Chrome/128.0.0.0 Safari/537.36",Local Machine
2024-09-19T17:30:05.768Z,127.0.0.1,N/A,"Mozilla/5.0 (Windows NT 10.0; Win64; x64) AppleWebKit/537.36 (KHTML, like Gecko) Chrome/128.0.0.0 Safari/537.36",Local Machine
2024-09-19T17:30:05.780Z,127.0.0.1,http://localhost:3000/,"Mozilla/5.0 (Windows NT 10.0; Win64; x64) AppleWebKit/537.36 (KHTML, like Gecko) Chrome/128.0.0.0 Safari/537.36",Local Machine
2024-09-19T17:30:05.782Z,127.0.0.1,http://localhost:3000/,"Mozilla/5.0 (Windows NT 10.0; Win64; x64) AppleWebKit/537.36 (KHTML, like Gecko) Chrome/128.0.0.0 Safari/537.36",Local Machine
2024-09-19T17:30:05.794Z,127.0.0.1,http://localhost:3000/,"Mozilla/5.0 (Windows NT 10.0; Win64; x64) AppleWebKit/537.36 (KHTML, like Gecko) Chrome/128.0.0.0 Safari/537.36",Local Machine
2024-09-19T17:30:06.029Z,127.0.0.1,http://localhost:3000/,"Mozilla/5.0 (Windows NT 10.0; Win64; x64) AppleWebKit/537.36 (KHTML, like Gecko) Chrome/128.0.0.0 Safari/537.36",Local Machine
2024-09-19T17:30:06.126Z,127.0.0.1,http://localhost:3000/,"Mozilla/5.0 (Windows NT 10.0; Win64; x64) AppleWebKit/537.36 (KHTML, like Gecko) Chrome/128.0.0.0 Safari/537.36",Local Machine
2024-09-19T17:34:02.658Z,127.0.0.1,http://localhost:3000/,"Mozilla/5.0 (Windows NT 10.0; Win64; x64) AppleWebKit/537.36 (KHTML, like Gecko) Chrome/128.0.0.0 Safari/537.36",Local Machine
2024-09-19T17:34:02.660Z,127.0.0.1,http://localhost:3000/,"Mozilla/5.0 (Windows NT 10.0; Win64; x64) AppleWebKit/537.36 (KHTML, like Gecko) Chrome/128.0.0.0 Safari/537.36",Local Machine
2024-09-19T17:34:02.714Z,127.0.0.1,http://localhost:3000/,"Mozilla/5.0 (Windows NT 10.0; Win64; x64) AppleWebKit/537.36 (KHTML, like Gecko) Chrome/128.0.0.0 Safari/537.36",Local Machine
2024-09-19T17:34:02.771Z,127.0.0.1,http://localhost:3000/,"Mozilla/5.0 (Windows NT 10.0; Win64; x64) AppleWebKit/537.36 (KHTML, like Gecko) Chrome/128.0.0.0 Safari/537.36",Local Machine
2024-09-19T17:34:03.077Z,127.0.0.1,http://localhost:3000/,"Mozilla/5.0 (Windows NT 10.0; Win64; x64) AppleWebKit/537.36 (KHTML, like Gecko) Chrome/128.0.0.0 Safari/537.36",Local Machine
2024-09-19T17:34:03.086Z,127.0.0.1,http://localhost:3000/,"Mozilla/5.0 (Windows NT 10.0; Win64; x64) AppleWebKit/537.36 (KHTML, like Gecko) Chrome/128.0.0.0 Safari/537.36",Local Machine
2024-09-19T17:34:03.160Z,127.0.0.1,http://localhost:3000/,"Mozilla/5.0 (Windows NT 10.0; Win64; x64) AppleWebKit/537.36 (KHTML, like Gecko) Chrome/128.0.0.0 Safari/537.36",Local Machine
2024-09-19T17:34:03.207Z,127.0.0.1,http://localhost:3000/,"Mozilla/5.0 (Windows NT 10.0; Win64; x64) AppleWebKit/537.36 (KHTML, like Gecko) Chrome/128.0.0.0 Safari/537.36",Local Machine
2024-09-19T17:34:09.123Z,127.0.0.1,http://localhost:3000/,"Mozilla/5.0 (Windows NT 10.0; Win64; x64) AppleWebKit/537.36 (KHTML, like Gecko) Chrome/128.0.0.0 Safari/537.36",Local Machine
2024-09-19T17:34:09.131Z,127.0.0.1,http://localhost:3000/,"Mozilla/5.0 (Windows NT 10.0; Win64; x64) AppleWebKit/537.36 (KHTML, like Gecko) Chrome/128.0.0.0 Safari/537.36",Local Machine
2024-09-19T17:34:09.180Z,127.0.0.1,http://localhost:3000/,"Mozilla/5.0 (Windows NT 10.0; Win64; x64) AppleWebKit/537.36 (KHTML, like Gecko) Chrome/128.0.0.0 Safari/537.36",Local Machine
2024-09-19T17:34:09.230Z,127.0.0.1,http://localhost:3000/,"Mozilla/5.0 (Windows NT 10.0; Win64; x64) AppleWebKit/537.36 (KHTML, like Gecko) Chrome/128.0.0.0 Safari/537.36",Local Machine
2024-09-19T17:34:55.249Z,127.0.0.1,N/A,"Mozilla/5.0 (Windows NT 10.0; Win64; x64) AppleWebKit/537.36 (KHTML, like Gecko) Chrome/128.0.0.0 Safari/537.36",Local Machine
2024-09-19T17:34:55.292Z,127.0.0.1,http://localhost:3000/,"Mozilla/5.0 (Windows NT 10.0; Win64; x64) AppleWebKit/537.36 (KHTML, like Gecko) Chrome/128.0.0.0 Safari/537.36",Local Machine
2024-09-19T17:34:55.314Z,127.0.0.1,http://localhost:3000/,"Mozilla/5.0 (Windows NT 10.0; Win64; x64) AppleWebKit/537.36 (KHTML, like Gecko) Chrome/128.0.0.0 Safari/537.36",Local Machine
2024-09-19T17:34:55.382Z,127.0.0.1,http://localhost:3000/,"Mozilla/5.0 (Windows NT 10.0; Win64; x64) AppleWebKit/537.36 (KHTML, like Gecko) Chrome/128.0.0.0 Safari/537.36",Local Machine
2024-09-19T17:34:55.481Z,127.0.0.1,http://localhost:3000/,"Mozilla/5.0 (Windows NT 10.0; Win64; x64) AppleWebKit/537.36 (KHTML, like Gecko) Chrome/128.0.0.0 Safari/537.36",Local Machine
2024-09-19T17:35:07.352Z,127.0.0.1,N/A,"Mozilla/5.0 (Windows NT 10.0; Win64; x64) AppleWebKit/537.36 (KHTML, like Gecko) Chrome/128.0.0.0 Safari/537.36",Local Machine
2024-09-19T17:35:07.384Z,127.0.0.1,http://localhost:3000/,"Mozilla/5.0 (Windows NT 10.0; Win64; x64) AppleWebKit/537.36 (KHTML, like Gecko) Chrome/128.0.0.0 Safari/537.36",Local Machine
2024-09-19T17:35:07.403Z,127.0.0.1,http://localhost:3000/,"Mozilla/5.0 (Windows NT 10.0; Win64; x64) AppleWebKit/537.36 (KHTML, like Gecko) Chrome/128.0.0.0 Safari/537.36",Local Machine
2024-09-19T17:35:07.449Z,127.0.0.1,http://localhost:3000/,"Mozilla/5.0 (Windows NT 10.0; Win64; x64) AppleWebKit/537.36 (KHTML, like Gecko) Chrome/128.0.0.0 Safari/537.36",Local Machine
2024-09-19T17:35:07.527Z,127.0.0.1,http://localhost:3000/,"Mozilla/5.0 (Windows NT 10.0; Win64; x64) AppleWebKit/537.36 (KHTML, like Gecko) Chrome/128.0.0.0 Safari/537.36",Local Machine
2024-09-19T17:35:18.187Z,127.0.0.1,N/A,"Mozilla/5.0 (Windows NT 10.0; Win64; x64) AppleWebKit/537.36 (KHTML, like Gecko) Chrome/128.0.0.0 Safari/537.36",Local Machine
2024-09-19T17:35:18.214Z,127.0.0.1,http://localhost:3000/,"Mozilla/5.0 (Windows NT 10.0; Win64; x64) AppleWebKit/537.36 (KHTML, like Gecko) Chrome/128.0.0.0 Safari/537.36",Local Machine
2024-09-19T17:35:18.237Z,127.0.0.1,http://localhost:3000/,"Mozilla/5.0 (Windows NT 10.0; Win64; x64) AppleWebKit/537.36 (KHTML, like Gecko) Chrome/128.0.0.0 Safari/537.36",Local Machine
2024-09-19T17:35:18.290Z,127.0.0.1,http://localhost:3000/,"Mozilla/5.0 (Windows NT 10.0; Win64; x64) AppleWebKit/537.36 (KHTML, like Gecko) Chrome/128.0.0.0 Safari/537.36",Local Machine
2024-09-19T17:35:18.392Z,127.0.0.1,http://localhost:3000/,"Mozilla/5.0 (Windows NT 10.0; Win64; x64) AppleWebKit/537.36 (KHTML, like Gecko) Chrome/128.0.0.0 Safari/537.36",Local Machine
2024-09-19T17:35:31.107Z,127.0.0.1,N/A,"Mozilla/5.0 (Windows NT 10.0; Win64; x64) AppleWebKit/537.36 (KHTML, like Gecko) Chrome/128.0.0.0 Safari/537.36",Local Machine
2024-09-19T17:35:31.135Z,127.0.0.1,http://localhost:3000/,"Mozilla/5.0 (Windows NT 10.0; Win64; x64) AppleWebKit/537.36 (KHTML, like Gecko) Chrome/128.0.0.0 Safari/537.36",Local Machine
2024-09-19T17:35:31.157Z,127.0.0.1,http://localhost:3000/,"Mozilla/5.0 (Windows NT 10.0; Win64; x64) AppleWebKit/537.36 (KHTML, like Gecko) Chrome/128.0.0.0 Safari/537.36",Local Machine
2024-09-19T17:35:31.207Z,127.0.0.1,http://localhost:3000/,"Mozilla/5.0 (Windows NT 10.0; Win64; x64) AppleWebKit/537.36 (KHTML, like Gecko) Chrome/128.0.0.0 Safari/537.36",Local Machine
2024-09-19T17:35:31.301Z,127.0.0.1,http://localhost:3000/,"Mozilla/5.0 (Windows NT 10.0; Win64; x64) AppleWebKit/537.36 (KHTML, like Gecko) Chrome/128.0.0.0 Safari/537.36",Local Machine
2024-09-19T17:55:18.971Z,127.0.0.1,N/A,"Mozilla/5.0 (Windows NT 10.0; Win64; x64) AppleWebKit/537.36 (KHTML, like Gecko) Chrome/128.0.0.0 Safari/537.36",Local Machine
2024-09-19T17:55:19.026Z,127.0.0.1,http://localhost:3000/,"Mozilla/5.0 (Windows NT 10.0; Win64; x64) AppleWebKit/537.36 (KHTML, like Gecko) Chrome/128.0.0.0 Safari/537.36",Local Machine
2024-09-19T17:55:19.034Z,127.0.0.1,http://localhost:3000/,"Mozilla/5.0 (Windows NT 10.0; Win64; x64) AppleWebKit/537.36 (KHTML, like Gecko) Chrome/128.0.0.0 Safari/537.36",Local Machine
2024-09-19T17:55:19.063Z,127.0.0.1,http://localhost:3000/,"Mozilla/5.0 (Windows NT 10.0; Win64; x64) AppleWebKit/537.36 (KHTML, like Gecko) Chrome/128.0.0.0 Safari/537.36",Local Machine
2024-09-19T17:55:19.143Z,127.0.0.1,http://localhost:3000/,"Mozilla/5.0 (Windows NT 10.0; Win64; x64) AppleWebKit/537.36 (KHTML, like Gecko) Chrome/128.0.0.0 Safari/537.36",Local Machine
2024-09-19T17:55:29.295Z,127.0.0.1,N/A,"Mozilla/5.0 (Windows NT 10.0; Win64; x64) AppleWebKit/537.36 (KHTML, like Gecko) Chrome/128.0.0.0 Safari/537.36",Local Machine
2024-09-19T17:55:29.307Z,127.0.0.1,http://localhost:3000/,"Mozilla/5.0 (Windows NT 10.0; Win64; x64) AppleWebKit/537.36 (KHTML, like Gecko) Chrome/128.0.0.0 Safari/537.36",Local Machine
2024-09-19T17:55:29.310Z,127.0.0.1,http://localhost:3000/,"Mozilla/5.0 (Windows NT 10.0; Win64; x64) AppleWebKit/537.36 (KHTML, like Gecko) Chrome/128.0.0.0 Safari/537.36",Local Machine
2024-09-19T17:55:29.329Z,127.0.0.1,http://localhost:3000/,"Mozilla/5.0 (Windows NT 10.0; Win64; x64) AppleWebKit/537.36 (KHTML, like Gecko) Chrome/128.0.0.0 Safari/537.36",Local Machine
2024-09-19T17:55:29.524Z,127.0.0.1,http://localhost:3000/,"Mozilla/5.0 (Windows NT 10.0; Win64; x64) AppleWebKit/537.36 (KHTML, like Gecko) Chrome/128.0.0.0 Safari/537.36",Local Machine
2024-09-19T17:55:29.578Z,127.0.0.1,http://localhost:3000/,"Mozilla/5.0 (Windows NT 10.0; Win64; x64) AppleWebKit/537.36 (KHTML, like Gecko) Chrome/128.0.0.0 Safari/537.36",Local Machine
2024-09-19T18:11:30.998Z,127.0.0.1,http://localhost:3000/,"Mozilla/5.0 (Windows NT 10.0; Win64; x64) AppleWebKit/537.36 (KHTML, like Gecko) Chrome/128.0.0.0 Safari/537.36",Local Machine
2024-09-19T18:11:31.000Z,127.0.0.1,http://localhost:3000/,"Mozilla/5.0 (Windows NT 10.0; Win64; x64) AppleWebKit/537.36 (KHTML, like Gecko) Chrome/128.0.0.0 Safari/537.36",Local Machine
2024-09-19T18:11:31.054Z,127.0.0.1,http://localhost:3000/,"Mozilla/5.0 (Windows NT 10.0; Win64; x64) AppleWebKit/537.36 (KHTML, like Gecko) Chrome/128.0.0.0 Safari/537.36",Local Machine
2024-09-19T18:11:31.120Z,127.0.0.1,http://localhost:3000/,"Mozilla/5.0 (Windows NT 10.0; Win64; x64) AppleWebKit/537.36 (KHTML, like Gecko) Chrome/128.0.0.0 Safari/537.36",Local Machine
2024-09-19T18:12:21.405Z,127.0.0.1,N/A,"Mozilla/5.0 (Windows NT 10.0; Win64; x64) AppleWebKit/537.36 (KHTML, like Gecko) Chrome/128.0.0.0 Safari/537.36",Local Machine
2024-09-19T18:12:21.499Z,127.0.0.1,http://localhost:3000/,"Mozilla/5.0 (Windows NT 10.0; Win64; x64) AppleWebKit/537.36 (KHTML, like Gecko) Chrome/128.0.0.0 Safari/537.36",Local Machine
2024-09-19T18:12:21.517Z,127.0.0.1,http://localhost:3000/,"Mozilla/5.0 (Windows NT 10.0; Win64; x64) AppleWebKit/537.36 (KHTML, like Gecko) Chrome/128.0.0.0 Safari/537.36",Local Machine
2024-09-19T18:12:21.591Z,127.0.0.1,http://localhost:3000/,"Mozilla/5.0 (Windows NT 10.0; Win64; x64) AppleWebKit/537.36 (KHTML, like Gecko) Chrome/128.0.0.0 Safari/537.36",Local Machine
2024-09-19T18:12:21.677Z,127.0.0.1,http://localhost:3000/,"Mozilla/5.0 (Windows NT 10.0; Win64; x64) AppleWebKit/537.36 (KHTML, like Gecko) Chrome/128.0.0.0 Safari/537.36",Local Machine
2024-09-19T18:12:34.138Z,127.0.0.1,N/A,"Mozilla/5.0 (Windows NT 10.0; Win64; x64) AppleWebKit/537.36 (KHTML, like Gecko) Chrome/128.0.0.0 Safari/537.36",Local Machine
2024-09-19T18:12:34.185Z,127.0.0.1,http://localhost:3000/,"Mozilla/5.0 (Windows NT 10.0; Win64; x64) AppleWebKit/537.36 (KHTML, like Gecko) Chrome/128.0.0.0 Safari/537.36",Local Machine
2024-09-19T18:12:34.197Z,127.0.0.1,http://localhost:3000/,"Mozilla/5.0 (Windows NT 10.0; Win64; x64) AppleWebKit/537.36 (KHTML, like Gecko) Chrome/128.0.0.0 Safari/537.36",Local Machine
2024-09-19T18:12:34.256Z,127.0.0.1,http://localhost:3000/,"Mozilla/5.0 (Windows NT 10.0; Win64; x64) AppleWebKit/537.36 (KHTML, like Gecko) Chrome/128.0.0.0 Safari/537.36",Local Machine
2024-09-19T18:12:34.328Z,127.0.0.1,http://localhost:3000/,"Mozilla/5.0 (Windows NT 10.0; Win64; x64) AppleWebKit/537.36 (KHTML, like Gecko) Chrome/128.0.0.0 Safari/537.36",Local Machine
2024-09-19T18:14:15.714Z,127.0.0.1,N/A,"Mozilla/5.0 (Windows NT 10.0; Win64; x64) AppleWebKit/537.36 (KHTML, like Gecko) Chrome/128.0.0.0 Safari/537.36",Local Machine
2024-09-19T18:14:15.741Z,127.0.0.1,http://localhost:3000/,"Mozilla/5.0 (Windows NT 10.0; Win64; x64) AppleWebKit/537.36 (KHTML, like Gecko) Chrome/128.0.0.0 Safari/537.36",Local Machine
2024-09-19T18:14:15.746Z,127.0.0.1,http://localhost:3000/,"Mozilla/5.0 (Windows NT 10.0; Win64; x64) AppleWebKit/537.36 (KHTML, like Gecko) Chrome/128.0.0.0 Safari/537.36",Local Machine
2024-09-19T18:14:15.782Z,127.0.0.1,http://localhost:3000/,"Mozilla/5.0 (Windows NT 10.0; Win64; x64) AppleWebKit/537.36 (KHTML, like Gecko) Chrome/128.0.0.0 Safari/537.36",Local Machine
2024-09-19T18:14:15.819Z,127.0.0.1,http://localhost:3000/,"Mozilla/5.0 (Windows NT 10.0; Win64; x64) AppleWebKit/537.36 (KHTML, like Gecko) Chrome/128.0.0.0 Safari/537.36",Local Machine
2024-09-19T20:10:03.581Z,127.0.0.1,N/A,"Mozilla/5.0 (Windows NT 10.0; Win64; x64) AppleWebKit/537.36 (KHTML, like Gecko) Chrome/128.0.0.0 Safari/537.36",Local Machine
2024-09-19T20:10:03.637Z,127.0.0.1,http://localhost:3000/,"Mozilla/5.0 (Windows NT 10.0; Win64; x64) AppleWebKit/537.36 (KHTML, like Gecko) Chrome/128.0.0.0 Safari/537.36",Local Machine
2024-09-19T20:10:03.641Z,127.0.0.1,http://localhost:3000/,"Mozilla/5.0 (Windows NT 10.0; Win64; x64) AppleWebKit/537.36 (KHTML, like Gecko) Chrome/128.0.0.0 Safari/537.36",Local Machine
2024-09-19T20:10:03.680Z,127.0.0.1,http://localhost:3000/,"Mozilla/5.0 (Windows NT 10.0; Win64; x64) AppleWebKit/537.36 (KHTML, like Gecko) Chrome/128.0.0.0 Safari/537.36",Local Machine
2024-09-19T20:10:03.743Z,127.0.0.1,http://localhost:3000/,"Mozilla/5.0 (Windows NT 10.0; Win64; x64) AppleWebKit/537.36 (KHTML, like Gecko) Chrome/128.0.0.0 Safari/537.36",Local Machine
2024-09-19T20:13:50.506Z,127.0.0.1,N/A,"Mozilla/5.0 (Windows NT 10.0; Win64; x64) AppleWebKit/537.36 (KHTML, like Gecko) Chrome/128.0.0.0 Safari/537.36",Local Machine
2024-09-19T20:13:50.530Z,127.0.0.1,http://localhost:3000/,"Mozilla/5.0 (Windows NT 10.0; Win64; x64) AppleWebKit/537.36 (KHTML, like Gecko) Chrome/128.0.0.0 Safari/537.36",Local Machine
2024-09-19T20:13:50.537Z,127.0.0.1,http://localhost:3000/,"Mozilla/5.0 (Windows NT 10.0; Win64; x64) AppleWebKit/537.36 (KHTML, like Gecko) Chrome/128.0.0.0 Safari/537.36",Local Machine
2024-09-19T20:13:50.571Z,127.0.0.1,http://localhost:3000/,"Mozilla/5.0 (Windows NT 10.0; Win64; x64) AppleWebKit/537.36 (KHTML, like Gecko) Chrome/128.0.0.0 Safari/537.36",Local Machine
2024-09-19T20:13:50.606Z,127.0.0.1,http://localhost:3000/,"Mozilla/5.0 (Windows NT 10.0; Win64; x64) AppleWebKit/537.36 (KHTML, like Gecko) Chrome/128.0.0.0 Safari/537.36",Local Machine
2024-09-20T05:45:10.843Z,127.0.0.1,N/A,"Mozilla/5.0 (Windows NT 10.0; Win64; x64) AppleWebKit/537.36 (KHTML, like Gecko) Chrome/129.0.0.0 Safari/537.36",Local Machine
2024-09-20T05:45:10.923Z,127.0.0.1,http://localhost:3000/,"Mozilla/5.0 (Windows NT 10.0; Win64; x64) AppleWebKit/537.36 (KHTML, like Gecko) Chrome/129.0.0.0 Safari/537.36",Local Machine
2024-09-20T05:45:10.926Z,127.0.0.1,http://localhost:3000/,"Mozilla/5.0 (Windows NT 10.0; Win64; x64) AppleWebKit/537.36 (KHTML, like Gecko) Chrome/129.0.0.0 Safari/537.36",Local Machine
2024-09-20T05:45:10.995Z,127.0.0.1,http://localhost:3000/,"Mozilla/5.0 (Windows NT 10.0; Win64; x64) AppleWebKit/537.36 (KHTML, like Gecko) Chrome/129.0.0.0 Safari/537.36",Local Machine
2024-09-20T05:45:11.088Z,127.0.0.1,http://localhost:3000/,"Mozilla/5.0 (Windows NT 10.0; Win64; x64) AppleWebKit/537.36 (KHTML, like Gecko) Chrome/129.0.0.0 Safari/537.36",Local Machine
2024-09-20T05:45:11.217Z,127.0.0.1,http://localhost:3000/,"Mozilla/5.0 (Windows NT 10.0; Win64; x64) AppleWebKit/537.36 (KHTML, like Gecko) Chrome/129.0.0.0 Safari/537.36",Local Machine
2024-09-20T05:45:33.468Z,127.0.0.1,N/A,"Mozilla/5.0 (Windows NT 10.0; Win64; x64) AppleWebKit/537.36 (KHTML, like Gecko) Chrome/129.0.0.0 Safari/537.36",Local Machine
2024-09-20T05:45:33.491Z,127.0.0.1,http://localhost:3000/,"Mozilla/5.0 (Windows NT 10.0; Win64; x64) AppleWebKit/537.36 (KHTML, like Gecko) Chrome/129.0.0.0 Safari/537.36",Local Machine
2024-09-20T05:45:33.496Z,127.0.0.1,http://localhost:3000/,"Mozilla/5.0 (Windows NT 10.0; Win64; x64) AppleWebKit/537.36 (KHTML, like Gecko) Chrome/129.0.0.0 Safari/537.36",Local Machine
2024-09-20T05:45:33.529Z,127.0.0.1,http://localhost:3000/,"Mozilla/5.0 (Windows NT 10.0; Win64; x64) AppleWebKit/537.36 (KHTML, like Gecko) Chrome/129.0.0.0 Safari/537.36",Local Machine
2024-09-20T05:45:33.558Z,127.0.0.1,http://localhost:3000/,"Mozilla/5.0 (Windows NT 10.0; Win64; x64) AppleWebKit/537.36 (KHTML, like Gecko) Chrome/129.0.0.0 Safari/537.36",Local Machine
2024-09-20T10:15:55.205Z,127.0.0.1,N/A,"Mozilla/5.0 (Windows NT 10.0; Win64; x64) AppleWebKit/537.36 (KHTML, like Gecko) Chrome/129.0.0.0 Safari/537.36",Local Machine
2024-09-20T10:15:55.320Z,127.0.0.1,http://localhost:3000/,"Mozilla/5.0 (Windows NT 10.0; Win64; x64) AppleWebKit/537.36 (KHTML, like Gecko) Chrome/129.0.0.0 Safari/537.36",Local Machine
2024-09-20T10:15:55.325Z,127.0.0.1,http://localhost:3000/,"Mozilla/5.0 (Windows NT 10.0; Win64; x64) AppleWebKit/537.36 (KHTML, like Gecko) Chrome/129.0.0.0 Safari/537.36",Local Machine
2024-09-20T10:15:55.405Z,127.0.0.1,http://localhost:3000/,"Mozilla/5.0 (Windows NT 10.0; Win64; x64) AppleWebKit/537.36 (KHTML, like Gecko) Chrome/129.0.0.0 Safari/537.36",Local Machine
2024-09-20T10:15:55.478Z,127.0.0.1,http://localhost:3000/,"Mozilla/5.0 (Windows NT 10.0; Win64; x64) AppleWebKit/537.36 (KHTML, like Gecko) Chrome/129.0.0.0 Safari/537.36",Local Machine
2024-09-20T10:15:55.482Z,127.0.0.1,http://localhost:3000/,"Mozilla/5.0 (Windows NT 10.0; Win64; x64) AppleWebKit/537.36 (KHTML, like Gecko) Chrome/129.0.0.0 Safari/537.36",Local Machine
2024-09-20T10:23:12.983Z,127.0.0.1,N/A,"Mozilla/5.0 (Windows NT 10.0; Win64; x64) AppleWebKit/537.36 (KHTML, like Gecko) Chrome/129.0.0.0 Safari/537.36",Local Machine
2024-09-20T10:23:13.028Z,127.0.0.1,http://localhost:3000/,"Mozilla/5.0 (Windows NT 10.0; Win64; x64) AppleWebKit/537.36 (KHTML, like Gecko) Chrome/129.0.0.0 Safari/537.36",Local Machine
2024-09-20T10:23:13.031Z,127.0.0.1,http://localhost:3000/,"Mozilla/5.0 (Windows NT 10.0; Win64; x64) AppleWebKit/537.36 (KHTML, like Gecko) Chrome/129.0.0.0 Safari/537.36",Local Machine
2024-09-20T10:23:13.070Z,127.0.0.1,http://localhost:3000/,"Mozilla/5.0 (Windows NT 10.0; Win64; x64) AppleWebKit/537.36 (KHTML, like Gecko) Chrome/129.0.0.0 Safari/537.36",Local Machine
2024-09-20T10:23:13.162Z,127.0.0.1,http://localhost:3000/,"Mozilla/5.0 (Windows NT 10.0; Win64; x64) AppleWebKit/537.36 (KHTML, like Gecko) Chrome/129.0.0.0 Safari/537.36",Local Machine
2024-09-20T10:23:28.035Z,127.0.0.1,N/A,"Mozilla/5.0 (Windows NT 10.0; Win64; x64) AppleWebKit/537.36 (KHTML, like Gecko) Chrome/129.0.0.0 Safari/537.36",Local Machine
2024-09-20T10:23:28.061Z,127.0.0.1,http://localhost:3000/,"Mozilla/5.0 (Windows NT 10.0; Win64; x64) AppleWebKit/537.36 (KHTML, like Gecko) Chrome/129.0.0.0 Safari/537.36",Local Machine
2024-09-20T10:23:28.072Z,127.0.0.1,http://localhost:3000/,"Mozilla/5.0 (Windows NT 10.0; Win64; x64) AppleWebKit/537.36 (KHTML, like Gecko) Chrome/129.0.0.0 Safari/537.36",Local Machine
2024-09-20T10:23:28.109Z,127.0.0.1,http://localhost:3000/,"Mozilla/5.0 (Windows NT 10.0; Win64; x64) AppleWebKit/537.36 (KHTML, like Gecko) Chrome/129.0.0.0 Safari/537.36",Local Machine
2024-09-20T10:23:28.158Z,127.0.0.1,http://localhost:3000/,"Mozilla/5.0 (Windows NT 10.0; Win64; x64) AppleWebKit/537.36 (KHTML, like Gecko) Chrome/129.0.0.0 Safari/537.36",Local Machine
2024-09-20T10:23:31.919Z,127.0.0.1,N/A,"Mozilla/5.0 (Windows NT 10.0; Win64; x64) AppleWebKit/537.36 (KHTML, like Gecko) Chrome/129.0.0.0 Safari/537.36",Local Machine
2024-09-20T10:23:31.956Z,127.0.0.1,http://localhost:3000/,"Mozilla/5.0 (Windows NT 10.0; Win64; x64) AppleWebKit/537.36 (KHTML, like Gecko) Chrome/129.0.0.0 Safari/537.36",Local Machine
2024-09-20T10:23:31.964Z,127.0.0.1,http://localhost:3000/,"Mozilla/5.0 (Windows NT 10.0; Win64; x64) AppleWebKit/537.36 (KHTML, like Gecko) Chrome/129.0.0.0 Safari/537.36",Local Machine
2024-09-20T10:23:32.014Z,127.0.0.1,http://localhost:3000/,"Mozilla/5.0 (Windows NT 10.0; Win64; x64) AppleWebKit/537.36 (KHTML, like Gecko) Chrome/129.0.0.0 Safari/537.36",Local Machine
2024-09-20T10:23:32.047Z,127.0.0.1,http://localhost:3000/,"Mozilla/5.0 (Windows NT 10.0; Win64; x64) AppleWebKit/537.36 (KHTML, like Gecko) Chrome/129.0.0.0 Safari/537.36",Local Machine
2024-09-20T10:24:11.146Z,127.0.0.1,N/A,"Mozilla/5.0 (Windows NT 10.0; Win64; x64) AppleWebKit/537.36 (KHTML, like Gecko) Chrome/129.0.0.0 Safari/537.36",Local Machine
2024-09-20T10:24:11.209Z,127.0.0.1,http://localhost:3000/,"Mozilla/5.0 (Windows NT 10.0; Win64; x64) AppleWebKit/537.36 (KHTML, like Gecko) Chrome/129.0.0.0 Safari/537.36",Local Machine
2024-09-20T10:24:11.221Z,127.0.0.1,http://localhost:3000/,"Mozilla/5.0 (Windows NT 10.0; Win64; x64) AppleWebKit/537.36 (KHTML, like Gecko) Chrome/129.0.0.0 Safari/537.36",Local Machine
2024-09-20T10:24:11.290Z,127.0.0.1,http://localhost:3000/,"Mozilla/5.0 (Windows NT 10.0; Win64; x64) AppleWebKit/537.36 (KHTML, like Gecko) Chrome/129.0.0.0 Safari/537.36",Local Machine
2024-09-20T10:24:11.357Z,127.0.0.1,http://localhost:3000/,"Mozilla/5.0 (Windows NT 10.0; Win64; x64) AppleWebKit/537.36 (KHTML, like Gecko) Chrome/129.0.0.0 Safari/537.36",Local Machine
2024-09-20T10:24:23.637Z,127.0.0.1,N/A,"Mozilla/5.0 (Windows NT 10.0; Win64; x64) AppleWebKit/537.36 (KHTML, like Gecko) Chrome/129.0.0.0 Safari/537.36",Local Machine
2024-09-20T10:24:23.652Z,127.0.0.1,http://localhost:3000/,"Mozilla/5.0 (Windows NT 10.0; Win64; x64) AppleWebKit/537.36 (KHTML, like Gecko) Chrome/129.0.0.0 Safari/537.36",Local Machine
2024-09-20T10:24:23.664Z,127.0.0.1,http://localhost:3000/,"Mozilla/5.0 (Windows NT 10.0; Win64; x64) AppleWebKit/537.36 (KHTML, like Gecko) Chrome/129.0.0.0 Safari/537.36",Local Machine
2024-09-20T10:24:23.709Z,127.0.0.1,http://localhost:3000/,"Mozilla/5.0 (Windows NT 10.0; Win64; x64) AppleWebKit/537.36 (KHTML, like Gecko) Chrome/129.0.0.0 Safari/537.36",Local Machine
2024-09-20T10:24:23.748Z,127.0.0.1,http://localhost:3000/,"Mozilla/5.0 (Windows NT 10.0; Win64; x64) AppleWebKit/537.36 (KHTML, like Gecko) Chrome/129.0.0.0 Safari/537.36",Local Machine
2024-09-20T10:33:28.959Z,127.0.0.1,N/A,"Mozilla/5.0 (Windows NT 10.0; Win64; x64) AppleWebKit/537.36 (KHTML, like Gecko) Chrome/129.0.0.0 Safari/537.36",Local Machine
2024-09-20T10:33:29.028Z,127.0.0.1,http://localhost:3000/,"Mozilla/5.0 (Windows NT 10.0; Win64; x64) AppleWebKit/537.36 (KHTML, like Gecko) Chrome/129.0.0.0 Safari/537.36",Local Machine
2024-09-20T10:33:29.038Z,127.0.0.1,http://localhost:3000/,"Mozilla/5.0 (Windows NT 10.0; Win64; x64) AppleWebKit/537.36 (KHTML, like Gecko) Chrome/129.0.0.0 Safari/537.36",Local Machine
2024-09-20T10:33:29.108Z,127.0.0.1,http://localhost:3000/,"Mozilla/5.0 (Windows NT 10.0; Win64; x64) AppleWebKit/537.36 (KHTML, like Gecko) Chrome/129.0.0.0 Safari/537.36",Local Machine
2024-09-20T10:33:29.182Z,127.0.0.1,http://localhost:3000/,"Mozilla/5.0 (Windows NT 10.0; Win64; x64) AppleWebKit/537.36 (KHTML, like Gecko) Chrome/129.0.0.0 Safari/537.36",Local Machine
2024-09-20T10:36:40.016Z,127.0.0.1,N/A,"Mozilla/5.0 (Windows NT 10.0; Win64; x64) AppleWebKit/537.36 (KHTML, like Gecko) Chrome/129.0.0.0 Safari/537.36",Local Machine
2024-09-20T10:36:40.081Z,127.0.0.1,http://localhost:3000/,"Mozilla/5.0 (Windows NT 10.0; Win64; x64) AppleWebKit/537.36 (KHTML, like Gecko) Chrome/129.0.0.0 Safari/537.36",Local Machine
2024-09-20T10:36:40.085Z,127.0.0.1,http://localhost:3000/,"Mozilla/5.0 (Windows NT 10.0; Win64; x64) AppleWebKit/537.36 (KHTML, like Gecko) Chrome/129.0.0.0 Safari/537.36",Local Machine
2024-09-20T10:36:40.168Z,127.0.0.1,http://localhost:3000/,"Mozilla/5.0 (Windows NT 10.0; Win64; x64) AppleWebKit/537.36 (KHTML, like Gecko) Chrome/129.0.0.0 Safari/537.36",Local Machine
2024-09-20T10:36:40.241Z,127.0.0.1,http://localhost:3000/,"Mozilla/5.0 (Windows NT 10.0; Win64; x64) AppleWebKit/537.36 (KHTML, like Gecko) Chrome/129.0.0.0 Safari/537.36",Local Machine
2024-09-20T10:37:06.653Z,127.0.0.1,N/A,"Mozilla/5.0 (Windows NT 10.0; Win64; x64) AppleWebKit/537.36 (KHTML, like Gecko) Chrome/129.0.0.0 Safari/537.36",Local Machine
2024-09-20T10:37:06.702Z,127.0.0.1,http://localhost:3000/,"Mozilla/5.0 (Windows NT 10.0; Win64; x64) AppleWebKit/537.36 (KHTML, like Gecko) Chrome/129.0.0.0 Safari/537.36",Local Machine
2024-09-20T10:37:06.715Z,127.0.0.1,http://localhost:3000/,"Mozilla/5.0 (Windows NT 10.0; Win64; x64) AppleWebKit/537.36 (KHTML, like Gecko) Chrome/129.0.0.0 Safari/537.36",Local Machine
2024-09-20T10:37:06.786Z,127.0.0.1,http://localhost:3000/,"Mozilla/5.0 (Windows NT 10.0; Win64; x64) AppleWebKit/537.36 (KHTML, like Gecko) Chrome/129.0.0.0 Safari/537.36",Local Machine
2024-09-20T10:37:06.855Z,127.0.0.1,http://localhost:3000/,"Mozilla/5.0 (Windows NT 10.0; Win64; x64) AppleWebKit/537.36 (KHTML, like Gecko) Chrome/129.0.0.0 Safari/537.36",Local Machine
2024-09-20T10:39:40.291Z,127.0.0.1,N/A,"Mozilla/5.0 (Windows NT 10.0; Win64; x64) AppleWebKit/537.36 (KHTML, like Gecko) Chrome/129.0.0.0 Safari/537.36",Local Machine
2024-09-20T10:39:40.359Z,127.0.0.1,http://localhost:3000/,"Mozilla/5.0 (Windows NT 10.0; Win64; x64) AppleWebKit/537.36 (KHTML, like Gecko) Chrome/129.0.0.0 Safari/537.36",Local Machine
2024-09-20T10:39:40.369Z,127.0.0.1,http://localhost:3000/,"Mozilla/5.0 (Windows NT 10.0; Win64; x64) AppleWebKit/537.36 (KHTML, like Gecko) Chrome/129.0.0.0 Safari/537.36",Local Machine
2024-09-20T10:39:40.461Z,127.0.0.1,http://localhost:3000/,"Mozilla/5.0 (Windows NT 10.0; Win64; x64) AppleWebKit/537.36 (KHTML, like Gecko) Chrome/129.0.0.0 Safari/537.36",Local Machine
2024-09-20T10:39:40.540Z,127.0.0.1,http://localhost:3000/,"Mozilla/5.0 (Windows NT 10.0; Win64; x64) AppleWebKit/537.36 (KHTML, like Gecko) Chrome/129.0.0.0 Safari/537.36",Local Machine
2024-09-20T10:39:51.357Z,127.0.0.1,N/A,"Mozilla/5.0 (Windows NT 10.0; Win64; x64) AppleWebKit/537.36 (KHTML, like Gecko) Chrome/129.0.0.0 Safari/537.36",Local Machine
2024-09-20T10:39:51.411Z,127.0.0.1,http://localhost:3000/,"Mozilla/5.0 (Windows NT 10.0; Win64; x64) AppleWebKit/537.36 (KHTML, like Gecko) Chrome/129.0.0.0 Safari/537.36",Local Machine
2024-09-20T10:39:51.424Z,127.0.0.1,http://localhost:3000/,"Mozilla/5.0 (Windows NT 10.0; Win64; x64) AppleWebKit/537.36 (KHTML, like Gecko) Chrome/129.0.0.0 Safari/537.36",Local Machine
2024-09-20T10:39:51.494Z,127.0.0.1,http://localhost:3000/,"Mozilla/5.0 (Windows NT 10.0; Win64; x64) AppleWebKit/537.36 (KHTML, like Gecko) Chrome/129.0.0.0 Safari/537.36",Local Machine
2024-09-20T10:39:51.563Z,127.0.0.1,http://localhost:3000/,"Mozilla/5.0 (Windows NT 10.0; Win64; x64) AppleWebKit/537.36 (KHTML, like Gecko) Chrome/129.0.0.0 Safari/537.36",Local Machine
2024-09-20T10:42:23.489Z,127.0.0.1,N/A,"Mozilla/5.0 (Windows NT 10.0; Win64; x64) AppleWebKit/537.36 (KHTML, like Gecko) Chrome/129.0.0.0 Safari/537.36",Local Machine
2024-09-20T10:42:23.548Z,127.0.0.1,http://localhost:3000/,"Mozilla/5.0 (Windows NT 10.0; Win64; x64) AppleWebKit/537.36 (KHTML, like Gecko) Chrome/129.0.0.0 Safari/537.36",Local Machine
2024-09-20T10:42:23.566Z,127.0.0.1,http://localhost:3000/,"Mozilla/5.0 (Windows NT 10.0; Win64; x64) AppleWebKit/537.36 (KHTML, like Gecko) Chrome/129.0.0.0 Safari/537.36",Local Machine
2024-09-20T10:42:23.635Z,127.0.0.1,http://localhost:3000/,"Mozilla/5.0 (Windows NT 10.0; Win64; x64) AppleWebKit/537.36 (KHTML, like Gecko) Chrome/129.0.0.0 Safari/537.36",Local Machine
2024-09-20T10:42:23.706Z,127.0.0.1,http://localhost:3000/,"Mozilla/5.0 (Windows NT 10.0; Win64; x64) AppleWebKit/537.36 (KHTML, like Gecko) Chrome/129.0.0.0 Safari/537.36",Local Machine
2024-09-20T10:44:53.324Z,127.0.0.1,N/A,"Mozilla/5.0 (Windows NT 10.0; Win64; x64) AppleWebKit/537.36 (KHTML, like Gecko) Chrome/129.0.0.0 Safari/537.36",Local Machine
2024-09-20T10:44:53.373Z,127.0.0.1,http://localhost:3000/,"Mozilla/5.0 (Windows NT 10.0; Win64; x64) AppleWebKit/537.36 (KHTML, like Gecko) Chrome/129.0.0.0 Safari/537.36",Local Machine
2024-09-20T10:44:53.385Z,127.0.0.1,http://localhost:3000/,"Mozilla/5.0 (Windows NT 10.0; Win64; x64) AppleWebKit/537.36 (KHTML, like Gecko) Chrome/129.0.0.0 Safari/537.36",Local Machine
2024-09-20T10:44:53.452Z,127.0.0.1,http://localhost:3000/,"Mozilla/5.0 (Windows NT 10.0; Win64; x64) AppleWebKit/537.36 (KHTML, like Gecko) Chrome/129.0.0.0 Safari/537.36",Local Machine
2024-09-20T10:44:53.526Z,127.0.0.1,http://localhost:3000/,"Mozilla/5.0 (Windows NT 10.0; Win64; x64) AppleWebKit/537.36 (KHTML, like Gecko) Chrome/129.0.0.0 Safari/537.36",Local Machine
2024-09-20T11:05:26.199Z,127.0.0.1,N/A,"Mozilla/5.0 (Windows NT 10.0; Win64; x64) AppleWebKit/537.36 (KHTML, like Gecko) Chrome/129.0.0.0 Safari/537.36",Local Machine
2024-09-20T11:05:26.261Z,127.0.0.1,http://localhost:3000/,"Mozilla/5.0 (Windows NT 10.0; Win64; x64) AppleWebKit/537.36 (KHTML, like Gecko) Chrome/129.0.0.0 Safari/537.36",Local Machine
2024-09-20T11:05:26.280Z,127.0.0.1,http://localhost:3000/,"Mozilla/5.0 (Windows NT 10.0; Win64; x64) AppleWebKit/537.36 (KHTML, like Gecko) Chrome/129.0.0.0 Safari/537.36",Local Machine
2024-09-20T11:05:26.361Z,127.0.0.1,http://localhost:3000/,"Mozilla/5.0 (Windows NT 10.0; Win64; x64) AppleWebKit/537.36 (KHTML, like Gecko) Chrome/129.0.0.0 Safari/537.36",Local Machine
2024-09-20T11:05:26.468Z,127.0.0.1,http://localhost:3000/,"Mozilla/5.0 (Windows NT 10.0; Win64; x64) AppleWebKit/537.36 (KHTML, like Gecko) Chrome/129.0.0.0 Safari/537.36",Local Machine
2024-09-21T16:05:31.424Z,127.0.0.1,N/A,"Mozilla/5.0 (Windows NT 10.0; Win64; x64) AppleWebKit/537.36 (KHTML, like Gecko) Chrome/129.0.0.0 Safari/537.36",Local Machine
2024-09-21T16:05:31.601Z,127.0.0.1,http://localhost:3000/,"Mozilla/5.0 (Windows NT 10.0; Win64; x64) AppleWebKit/537.36 (KHTML, like Gecko) Chrome/129.0.0.0 Safari/537.36",Local Machine
2024-09-21T16:05:31.623Z,127.0.0.1,http://localhost:3000/,"Mozilla/5.0 (Windows NT 10.0; Win64; x64) AppleWebKit/537.36 (KHTML, like Gecko) Chrome/129.0.0.0 Safari/537.36",Local Machine
2024-09-21T16:05:31.679Z,127.0.0.1,http://localhost:3000/,"Mozilla/5.0 (Windows NT 10.0; Win64; x64) AppleWebKit/537.36 (KHTML, like Gecko) Chrome/129.0.0.0 Safari/537.36",Local Machine
2024-09-21T16:05:31.782Z,127.0.0.1,http://localhost:3000/,"Mozilla/5.0 (Windows NT 10.0; Win64; x64) AppleWebKit/537.36 (KHTML, like Gecko) Chrome/129.0.0.0 Safari/537.36",Local Machine
2024-09-21T16:05:31.785Z,127.0.0.1,http://localhost:3000/,"Mozilla/5.0 (Windows NT 10.0; Win64; x64) AppleWebKit/537.36 (KHTML, like Gecko) Chrome/129.0.0.0 Safari/537.36",Local Machine
2024-09-21T16:06:16.237Z,127.0.0.1,N/A,"Mozilla/5.0 (Windows NT 10.0; Win64; x64) AppleWebKit/537.36 (KHTML, like Gecko) Chrome/129.0.0.0 Safari/537.36",Local Machine
2024-09-21T16:06:16.310Z,127.0.0.1,http://localhost:3000/,"Mozilla/5.0 (Windows NT 10.0; Win64; x64) AppleWebKit/537.36 (KHTML, like Gecko) Chrome/129.0.0.0 Safari/537.36",Local Machine
2024-09-21T16:06:16.322Z,127.0.0.1,http://localhost:3000/,"Mozilla/5.0 (Windows NT 10.0; Win64; x64) AppleWebKit/537.36 (KHTML, like Gecko) Chrome/129.0.0.0 Safari/537.36",Local Machine
2024-09-21T16:06:16.398Z,127.0.0.1,http://localhost:3000/,"Mozilla/5.0 (Windows NT 10.0; Win64; x64) AppleWebKit/537.36 (KHTML, like Gecko) Chrome/129.0.0.0 Safari/537.36",Local Machine
2024-09-21T16:06:16.466Z,127.0.0.1,http://localhost:3000/,"Mozilla/5.0 (Windows NT 10.0; Win64; x64) AppleWebKit/537.36 (KHTML, like Gecko) Chrome/129.0.0.0 Safari/537.36",Local Machine
2024-09-21T16:06:42.225Z,127.0.0.1,N/A,"Mozilla/5.0 (Windows NT 10.0; Win64; x64) AppleWebKit/537.36 (KHTML, like Gecko) Chrome/129.0.0.0 Safari/537.36",Local Machine
2024-09-21T16:06:42.282Z,127.0.0.1,http://localhost:3000/,"Mozilla/5.0 (Windows NT 10.0; Win64; x64) AppleWebKit/537.36 (KHTML, like Gecko) Chrome/129.0.0.0 Safari/537.36",Local Machine
2024-09-21T16:06:42.295Z,127.0.0.1,http://localhost:3000/,"Mozilla/5.0 (Windows NT 10.0; Win64; x64) AppleWebKit/537.36 (KHTML, like Gecko) Chrome/129.0.0.0 Safari/537.36",Local Machine
2024-09-21T16:06:42.380Z,127.0.0.1,http://localhost:3000/,"Mozilla/5.0 (Windows NT 10.0; Win64; x64) AppleWebKit/537.36 (KHTML, like Gecko) Chrome/129.0.0.0 Safari/537.36",Local Machine
2024-09-21T16:06:58.731Z,127.0.0.1,N/A,"Mozilla/5.0 (Windows NT 10.0; Win64; x64) AppleWebKit/537.36 (KHTML, like Gecko) Chrome/129.0.0.0 Safari/537.36",Local Machine
2024-09-21T16:06:58.780Z,127.0.0.1,http://localhost:3000/,"Mozilla/5.0 (Windows NT 10.0; Win64; x64) AppleWebKit/537.36 (KHTML, like Gecko) Chrome/129.0.0.0 Safari/537.36",Local Machine
2024-09-21T16:06:58.799Z,127.0.0.1,http://localhost:3000/,"Mozilla/5.0 (Windows NT 10.0; Win64; x64) AppleWebKit/537.36 (KHTML, like Gecko) Chrome/129.0.0.0 Safari/537.36",Local Machine
2024-09-21T16:06:58.862Z,127.0.0.1,http://localhost:3000/,"Mozilla/5.0 (Windows NT 10.0; Win64; x64) AppleWebKit/537.36 (KHTML, like Gecko) Chrome/129.0.0.0 Safari/537.36",Local Machine
2024-09-21T16:06:58.925Z,127.0.0.1,http://localhost:3000/,"Mozilla/5.0 (Windows NT 10.0; Win64; x64) AppleWebKit/537.36 (KHTML, like Gecko) Chrome/129.0.0.0 Safari/537.36",Local Machine
